"","diameter","albedo","a","q","n","per","moid","t_jup","sigma_a","class_var"
"2",545,0.101,2.77246592281575,2.13386496007724,0.213503376995055,1686.15599934206,1.23324,3.043,4.1378e-09,"B"
"4",525.4,0.4228,2.36141789587728,2.15190945364305,0.271609401531315,1325.43276473622,1.13948,3.535,1.5403e-09,"V"
"8",407.12,0.0717,3.14153917847631,2.78823961585673,0.177006964157215,2033.81828344479,1.77839,3.197,6.9628e-09,"C"
"11",222.792,0.07,2.57598109169486,2.3567099393035,0.238391116463337,1510.123386059,1.43633,3.364,4.2856e-09,"C"
"25",267.08,0.053,3.15540230360639,2.45850953823533,0.175841737553395,2047.29551134403,1.56992,3.011,6.7571e-09,"C"
"28",132.992,0.052,2.68738341132637,2.40266038749285,0.223722480490729,1609.13645875171,1.41435,3.359,5.8399e-09,"C"
"29",103.055,0.066,2.99407183575742,2.3186446649884,0.190243904150356,1892.30767528551,1.31998,3.202,7.2564e-09,"C"
"31",92.255,0.055,2.73945492963342,2.31488727455142,0.21737411876079,1656.13092327777,1.33232,3.322,7.3336e-09,"C"
"34",205.495,0.059,2.76043870799242,2.00016549041275,0.214900245166699,1675.19585527111,1.02633,3.233,5.8492e-09,"C"
"38",202.327,0.045,2.72088262713294,2.49113572182437,0.219603553013133,1639.31773899155,1.4906,3.344,6.3505e-09,"C"
"41",216.473,0.065,3.11008809630146,2.88478124621928,0.179698742237322,2003.35292010314,1.90839,3.205,8.5876e-09,"C"
"42",166.252,0.048,3.10504561652924,2.41551735870542,0.180136656119081,1998.48275057364,1.42463,3.18,8.8201e-09,"C"
"43",84.074,0.05,2.64879384868213,1.89127714162208,0.228629272872861,1574.60151745395,0.891422,3.33,4.5633e-09,"C"
"45",303.918,0.057,3.09309139080242,2.75170917886355,0.181181956720909,1986.95282088459,1.76943,3.202,7.1361e-09,"C"
"50",106.517,0.044,2.70007575902195,2.58456009224901,0.222146844768034,1620.54968809443,1.58633,3.361,8.3114e-09,"C"
"58",71.82,0.0618,2.64606356977526,2.18845189199761,0.228983222802188,1572.16758325999,1.1999,3.369,6.5738e-09,"C"
"61",127.911,0.038,2.61590930218408,2.14393080522236,0.232953934853734,1545.36990425182,1.1631,3.355,8.8085e-09,"C"
"70",117.727,0.045,2.85359719036533,2.25235168854899,0.204463161049488,1760.7083748102,1.27209,3.258,9.5575e-09,"C"
"73",79.16,0.0527,2.36248979092157,1.80531150122715,0.271424572957524,1326.33532799677,0.797648,3.495,3.5762e-09,"C"
"77",115.974,0.058,3.14987489033224,2.62675465672687,0.176304792242375,2041.91840403913,1.61312,3.185,1.0724e-08,"C"
"80",154.155,0.056,2.75611850089253,2.37279244002976,0.215405726312183,1671.26476237804,1.3753,3.313,8.4846e-09,"C"
"81",204.89,0.0395,3.15653853991105,2.85999822127235,0.175746801383977,2048.4014341374,1.88276,3.184,1.3928e-08,"C"
"82",147.969,0.058,3.06532679351608,2.59759707214476,0.18364914125373,1960.25964261179,1.61219,3.176,1.0869e-08,"C"
"84",132.788,0.029,2.68776036260273,2.18580937061979,0.223675417412399,1609.47503379978,1.20184,3.296,8.7868e-09,"C"
"88",82.595,0.051,2.66234377415708,1.99134650103925,0.226886091954143,1586.69928552853,0.989341,3.333,7.564e-09,"C"
"90",136.553,0.052,3.1450163273037,2.64001414008773,0.176713495375341,2037.19585329551,1.6552,3.187,1.2949e-08,"C"
"91",112.326,0.016,2.37391736179462,1.95283546629874,0.269467056772154,1335.97035686776,1.01144,3.429,4.8726e-09,"C"
"95",82.588,0.056,2.69607371211612,1.89024723380236,0.222641659837602,1616.94806022641,0.915348,3.291,7.2907e-09,"C"
"97",126.344,0.062,2.59321439361963,2.32687345568169,0.236018713447312,1525.30278104564,1.34401,3.406,7.6493e-09,"C"
"106",155.132,0.058,3.11951283661498,2.95658812040782,0.178884992994339,2012.46618832577,1.95778,3.203,1.3962e-08,"C"
"107",209,0.0482,3.4518389741744,2.99661968567845,0.153683867774307,2342.470977687,2.00636,3.108,1.3056e-08,"C"
"112",162.515,0.067,2.74988520286593,2.39953172489442,0.216138547095484,1665.59831569962,1.40859,3.326,9.4152e-09,"C"
"113",180.652,0.086,3.12518492826967,2.47273826307504,0.178398209857769,2017.95746878299,1.54137,3.063,1.3071e-08,"C"
"122",54.812,0.047,2.41890060842354,2.09182775978448,0.26198536908971,1374.12253688383,1.08429,3.501,7.9886e-09,"B"
"124",142.38,0.0597,2.655049608078,2.03242968753231,0.227821713435691,1580.1830061366,1.03742,3.344,9.7593e-09,"C"
"125",127.783,0.061,2.67452059756089,2.28894690319346,0.225338372605567,1597.59740801069,1.32302,3.33,8.5008e-09,"C"
"126",160.31,0.036,2.71807899425307,2.53524040688684,0.219943414262132,1636.78463030017,1.53188,3.319,8.7559e-09,"C"
"129",119.128,0.052,2.9832008693695,2.61577106458298,0.191284741561972,1882.01106403131,1.61167,3.246,1.1343e-08,"C"
"133",192.611,0.044,3.19632108567229,2.95017444387826,0.172475921604058,2087.24787003272,1.952,3.087,1.9256e-08,"C"
"134",143.346,0.03,2.72709798383952,2.10746930637424,0.218853229905463,1644.9380260712,1.10239,3.298,9.3404e-09,"C"
"136",125.236,0.064,3.1026885868882,2.77064468083686,0.180341962607024,1996.20762021128,1.78927,3.204,1.495e-08,"C"
"137",81.24,0.0625,2.72773358851287,2.54504316120148,0.218776740013296,1645.51313808827,1.55919,3.349,9.5351e-09,"C"
"139",97.021,0.051,3.01677181701559,2.47143425116266,0.188100686514792,1913.86861297654,1.48985,3.214,1.0892e-08,"C"
"140",69.389,0.027,2.36733624896469,1.91420461165945,0.27059150098308,1330.41872598397,0.936616,3.517,5.4815e-09,"C"
"145",145.366,0.056,3.37231178473884,3.1239912079134,0.159152144017504,2261.98649237428,2.12595,3.143,1.7886e-08,"C"
"148",130.808,0.076,3.12891885761052,2.7149418151645,0.178078964983436,2021.57509188963,1.72612,3.199,1.144e-08,"C"
"149",62.43,0.1382,2.3800182269634,2.10854140773081,0.268431605754361,1341.12374356331,1.09701,3.51,6.6095e-09,"L"
"152",94.532,0.094,3.18276924186138,2.44097829468555,0.173578665566545,2073.98759994492,1.43308,3.154,1.135e-08,"C"
"162",160.464,0.062,2.73750663756772,2.38422057050774,0.217606218808967,1654.36448448212,1.41717,3.223,7.748e-09,"C"
"164",147.294,0.044,2.72689408694759,2.06816660767655,0.218877776693542,1644.75354893635,1.06396,3.289,8.6752e-09,"C"
"170",161.667,0.057,2.61539483771265,1.99208496372459,0.233022673470948,1544.91404049951,0.985887,3.295,6.2718e-09,"C"
"171",93.109,0.051,2.87785369812586,2.75229712598631,0.201883584008558,1783.20590932614,1.77542,3.283,1.1807e-08,"C"
"176",128.301,0.053,2.74022963995327,2.37881365352335,0.217281942141255,1656.83349684883,1.40089,3.327,9.9713e-09,"C"
"182",86.65,0.0436,2.72206261303648,2.38552088094079,0.219460774696128,1640.38425772655,1.39508,3.341,9.8214e-09,"C"
"183",141.125,0.062,3.04084869036043,2.55208920607364,0.185871095222893,1936.82616206837,1.56738,3.217,1.1681e-08,"C"
"191",99.672,0.094,2.66001042815929,2.3967852398991,0.227184692194314,1584.61380704334,1.39984,3.366,7.1407e-09,"K"
"195",155.659,0.039,2.90701089005149,2.64659933670023,0.198853887587669,1810.3744632163,1.65788,3.244,1.0994e-08,"C"
"196",87.928,0.057,2.66376929315657,2.11084938314156,0.226703988818896,1587.97382382005,1.12324,3.352,7.74e-09,"C"
"201",50.891,0.193,2.69379138701847,2.39790295040927,0.222924670763939,1614.89528622525,1.44368,3.309,9.0293e-09,"A"
"217",52.95,0.0602,2.35823527673498,1.83444159294355,0.272159423539436,1322.75412446939,0.832825,3.506,6.0967e-09,"C"
"218",94.3,0.0508,3.19558406763638,3.10539594840251,0.172535593885327,2086.52598512089,2.10386,3.119,1.7959e-08,"C"
"232",74.92,0.0447,3.02922184058803,2.73449039490831,0.186942245398837,1925.72844747825,1.73091,3.228,1.4363e-08,"C"
"239",60.903,0.038,2.56815379656073,2.23609945947359,0.239481809719655,1503.24569712175,1.25972,3.408,8.2646e-09,"C"
"240",96.865,0.037,2.32558344479348,2.18341353923627,0.277911285556453,1295.37740534424,1.21067,3.553,4.9621e-09,"C"
"247",90.116,0.05,2.87674583299774,2.43683168053763,0.202000216478561,1782.17630790612,1.45296,3.276,1.0784e-08,"C"
"249",129.125,0.043,3.00769919743743,2.47836043355846,0.188952426746402,1905.24147373436,1.52122,3.196,1.2952e-08,"C"
"250",86.773,0.05,2.80157763988356,2.36094337799203,0.210184206788619,1712.78330327668,1.37923,3.271,1.0396e-08,"C"
"258",84.787,0.046,3.14338215596782,2.5762731807105,0.17685131714362,2035.60824886391,1.56993,3.184,1.3618e-08,"C"
"260",43.482,0.101,3.13972793501223,2.61473491784721,0.177160153675401,2032.05965072487,1.62702,3.187,1.3755e-08,"B"
"262",165.01,0.0692,2.89954527586724,2.41025696196034,0.19962238132593,1803.40499701893,1.44016,3.176,1.0612e-08,"C"
"267",60.75,0.173,2.88227702271881,2.4753807996372,0.201419027384541,1787.31872889398,1.4792,3.233,1.1647e-08,"C"
"270",44.189,0.033,2.78398197044006,2.54690489670117,0.212180000612413,1696.67263154367,1.53041,3.324,1.0219e-08,"C"
"273",49.771,0.054,2.74327657247332,2.13263300218852,0.21692004304035,1659.59767919203,1.15119,3.293,9.3876e-09,"C"
"277",94.97,0.037,2.59423655834349,2.07888697002889,0.235879235281702,1526.20471051666,1.10866,3.348,7.3651e-09,"C"
"278",108.894,0.061,2.58548356381057,1.95841946997786,0.23707808032772,1518.48707186409,0.977069,3.351,7.0461e-09,"C"
"283",88.76,0.027,3.50736614165741,3.25320848084695,0.15004876183734,2399.22006414326,2.27564,3.099,2.0652e-08,"C"
"286",175.859,0.067,3.06644109995698,2.95641217140939,0.183549046638115,1961.32862901639,1.94249,3.202,8.3662e-09,"C"
"287",67.925,0.042,2.88680847430462,2.71448292345822,0.200944959408364,1791.53535903531,1.71935,3.286,1.1983e-08,"C"
"293",62.171,0.044,2.34494875159121,2.17842627748703,0.274475787821201,1311.59109828117,1.18081,3.551,6.3437e-09,"C"
"295",159.331,0.051,2.76928629445858,2.28299756035784,0.213871191737993,1683.25615560708,1.28175,3.292,8.2936e-09,"C"
"296",53.562,0.317,2.78853894928811,2.4350174315922,0.211660102202035,1700.84015010241,1.45034,3.293,1.0266e-08,"A"
"307",80.738,0.174,3.01619875762432,2.76626669582461,0.188154296037941,1913.32330741683,1.80949,3.203,1.418e-08,"L"
"308",60.088,0.071,2.72019766078381,2.12487431712296,0.219686504988475,1638.69874491783,1.15491,3.308,1.2377e-08,"C"
"312",118.803,0.059,3.17190824220992,2.87457699888868,0.17447096000726,2063.38063357375,1.87431,3.175,1.6402e-08,"C"
"313",91.176,0.037,3.18949634603966,2.91124399711188,0.173029801864637,2080.56644647627,1.95286,3.108,1.4706e-08,"C"
"314",100.786,0.065,2.98642142158332,2.79349419128031,0.190975403245495,1885.05950966485,1.78295,3.243,1.2719e-08,"C"
"320",270.327,0.076,3.16488038393588,2.56945579389642,0.17505242161396,2056.52682025674,1.59307,3.117,7.7432e-09,"C"
"323",41.19,0.039,3.11986867864169,2.57266642549906,0.178854389310381,2012.81054039586,1.58602,3.192,1.3752e-08,"C"
"326",107.227,0.073,2.74056638117735,1.96876594447057,0.217241896291587,1657.13891355837,0.993845,3.268,6.9971e-09,"C"
"328",52.627,0.039,2.726534940035,2.31708905667658,0.218921024919623,1644.42862503579,1.30714,3.319,1.1165e-08,"C"
"333",68.356,0.052,2.73842909988441,2.15467523629572,0.217496274408122,1655.20076598864,1.16698,3.308,9.8685e-09,"C"
"338",81.113,0.04,2.9677781666773,2.60533212412727,0.192777756014613,1867.43536932089,1.62016,3.252,1.1225e-08,"C"
"347",72.95,0.0297,2.65741958731199,2.17576866245747,0.227517012402473,1582.2992584096,1.19204,3.363,8.5277e-09,"C"
"350",28.903,0.089,2.40013009070924,2.02182044494345,0.265064704172496,1358.15894886451,1.0259,3.487,6.9921e-09,"C"
"355",95.203,0.04,3.04564250777188,2.85815716884864,0.185432428482355,1941.40799937944,1.87488,3.235,1.3774e-08,"C"
"360",70.249,0.115,2.77385779439262,1.9643587935074,0.213342698966996,1687.42591962658,1.02142,3.214,9.7982e-09,"K"
"366",29.191,0.094,2.69320564950704,2.39534319166874,0.222997399581327,1614.36860105048,1.41089,3.351,1.0057e-08,"C"
"375",59.594,0.06,2.73527275363537,2.30003287568567,0.217872850137746,1652.3398843518,1.29796,3.321,8.7098e-09,"C"
"379",160.736,0.027,2.2971745267702,1.76619605550938,0.283082541642188,1271.71388921269,0.804655,3.494,3.5239e-09,"C"
"390",41.614,0.068,2.69811833509124,2.32076449991148,0.222388632387614,1618.78777766183,1.31711,3.332,1.0434e-08,"C"
"391",190.98,0.061,3.19232670899219,3.13727797082147,0.172799736797307,2083.33650659595,2.1208,3.096,1.393e-08,"B"
"396",97.968,0.048,3.40363189680306,2.87072096259808,0.156960436022257,2293.5716102939,1.87691,3.1,2.1841e-08,"C"
"401",23.456,0.352,2.992900014118,2.82914581760213,0.190355645476088,1891.19686521313,1.84421,3.247,1.3748e-08,"C"
"402",50.025,0.133,2.75922864843557,2.49001029190733,0.215041627398936,1674.09447349533,1.56469,3.264,1.1784e-08,"L"
"404",67.976,0.059,2.72929069705526,1.85140526521275,0.218589542728768,1646.92233446271,0.893385,3.219,1.1568e-08,"C"
"409",51.072,0.068,2.79326411959273,2.62730622089382,0.211123253426785,1705.16508322397,1.63833,3.32,1.0745e-08,"C"
"410",171.71,0.0503,3.00586407859091,1.98618566194893,0.189125489999843,1903.49804249178,1.08825,3.09,1.011e-08,"C"
"420",151.711,0.065,2.93135926422548,2.44749695519386,0.196381467633934,1833.16686822537,1.49798,3.181,1.523e-08,"C"
"424",38.719,0.025,2.3422810908931,1.80417471915998,0.274944828481554,1309.35359645854,0.792721,3.51,7.1456e-09,"C"
"426",49.46,0.12,2.56872674371783,2.02765052447267,0.23940169058806,1503.7487793662,1.04599,3.365,9.6283e-09,"C"
"430",85.263,0.027,2.74814304062641,2.46581664309699,0.216344108495024,1664.01573171696,1.46453,3.26,1.1678e-08,"C"
"433",137.952,0.054,2.8386843908338,2.44069924561309,0.206076471365088,1746.92432190485,1.43355,3.243,1.1834e-08,"C"
"443",52.677,0.041,2.93782354005486,2.7326352673541,0.195733658781141,1839.23399910759,1.75361,3.234,1.4462e-08,"C"
"445",27.593,0.051,2.31212833604813,2.06788680642755,0.280340710451248,1284.15170033824,1.0737,3.559,7.0551e-09,"C"
"449",38.724,0.29,3.20259243044234,3.10921127604328,0.171969553891473,2093.39381218137,2.15713,3.041,2.0277e-08,"A"
"451",50.692,0.056,2.70214954621786,2.29922100474549,0.221891161168414,1622.41703592133,1.31579,3.343,9.5966e-09,"C"
"454",86.793,0.078,3.16991495211819,2.3135775235293,0.174635550811593,2061.43593516299,1.36063,3.08,1.5459e-08,"C"
"455",109.568,0.071,3.2018382394746,2.73722930179807,0.172030318448502,2092.65438352233,1.75338,3.019,1.6128e-08,"B"
"460",30.749,0.087,2.47243698518417,2.1067538515174,0.253522335218238,1419.99323132656,1.12984,3.431,8.7641e-09,"L"
"462",82.675,0.039,3.13745456910957,2.58681285812573,0.177352741070078,2029.85303654119,1.68148,3.11,1.6404e-08,"C"
"464",33.5,0.047,2.77206109987038,2.54127252267237,0.213550147728956,1685.78670550452,1.54786,3.317,1.0852e-08,"C"
"469",53.714,0.047,2.747694487225,2.14839586308631,0.216397087008394,1663.6083460127,1.19208,3.27,9.4005e-09,"C"
"479",20.274,0.054,2.66941491804646,2.18086859852596,0.225985174716143,1593.02485418431,1.18173,3.334,1.2617e-08,"C"
"484",40.152,0.052,2.60527483864461,2.40054552191972,0.234381730359805,1535.95589318056,1.41657,3.395,9.6213e-09,"C"
"493",60.571,0.047,3.07149267433684,2.62884837029151,0.18309641802208,1966.17718625487,1.64111,3.17,1.6551e-08,"C"
"495",62.218,0.057,2.73268401884201,2.23920792725082,0.218182517434895,1649.99471191555,1.228,3.276,1.215e-08,"C"
"502",22.298,0.041,2.47365818645246,2.11282038935131,0.253334619155872,1421.0454188991,1.13136,3.465,8.2375e-09,"C"
"503",66.27,0.0767,3.16342733066651,2.99223477016985,0.175173045390083,2055.11070038394,2.01066,3.185,1.8003e-08,"C"
"515",41.851,0.031,2.78661166608147,2.66099199207948,0.211879723484685,1699.07716547507,1.64431,3.329,1.0544e-08,"C"
"528",59.246,0.042,2.93194435547339,2.59597770846799,0.196322686498532,1833.71573820986,1.6187,3.244,1.3758e-08,"C"
"540",66.04,0.093,2.86570966795749,2.42062151045656,0.203168226991396,1771.93060810265,1.43016,3.145,1.2668e-08,"C"
"541",47.524,0.031,3.14092288484314,2.76330274176933,0.177059063629262,2033.21983422318,1.7807,3.189,1.7172e-08,"C"
"543",32.587,0.063,2.70051806251106,2.06000645044437,0.222092270627667,1620.94790144017,1.05075,3.316,9.3666e-09,"C"
"547",37.199,0.117,2.68556787083573,2.05724861332792,0.22394938549634,1607.50608536893,1.07527,3.318,1.0178e-08,"C"
"548",28.194,0.095,2.78354374869337,2.76813213296622,0.212230108797367,1696.27204188884,1.78063,3.312,1.2756e-08,"C"
"562",33.316,0.03,2.63469841147547,2.07113268148475,0.230466448571548,1562.04949671118,1.16653,3.256,1.4765e-08,"C"
"565",10.614,0.143,2.36455915464853,1.68709320873557,0.271068341696857,1328.07836483759,0.682309,3.465,6.8378e-09,"C"
"572",35.406,0.066,2.75052966844805,2.16779732929645,0.216062587710366,1666.18387669495,1.17218,3.294,1.3497e-08,"C"
"584",24.507,0.118,2.6717051944979,2.27546472061672,0.225694653746664,1595.07544385208,1.29105,3.335,1.1013e-08,"C"
"587",22.12,0.0754,2.72884592728927,2.04127099304996,0.218642986190086,1646.51977304691,1.07002,3.288,1.009e-08,"C"
"594",23.825,0.081,2.68301075014575,2.10909231432074,0.22426962388953,1605.21070021203,1.12326,3.334,9.9894e-09,"C"
"598",69.242,0.059,3.21196077261197,2.94538380601471,0.17121772607717,2102.58603620132,2.00021,3.115,1.989e-08,"C"
"605",39.564,0.05,2.75455867202807,2.49174312092512,0.21558871949073,1669.84618142546,1.51178,3.321,1.169e-08,"C"
"607",18.224,0.068,2.73440343768232,2.01830454742182,0.217976756932037,1651.55223459098,1.04631,3.289,9.9293e-09,"C"
"633",25.62,0.031,2.77687438477149,2.13567586110218,0.212995153868826,1690.17929967415,1.13412,3.28,1.0505e-08,"C"
"638",20.221,0.032,2.4498730082719,2.01111268558177,0.257032899060105,1400.59891677842,1.0167,3.472,9.2762e-09,"C"
"640",25.642,0.033,2.6616854096822,2.30837558487481,0.226970277135483,1586.11076544225,1.33395,3.344,1.0764e-08,"C"
"641",23.894,0.049,2.78486948855938,2.25249166381917,0.212078578306165,1697.4840310382,1.25114,3.292,1.2892e-08,"C"
"645",18.196,0.233,3.02672284476219,2.66895553250484,0.187173814820729,1923.34595704426,1.66254,3.203,1.51e-08,"K"
"649",22.24,0.042,2.7853352928475,2.2525506059967,0.212025380232753,1697.90993703116,1.2361,3.294,1.3029e-08,"C"
"658",34.437,0.067,2.89901761485475,2.48859307903193,0.199676884827481,1802.91274230884,1.4766,3.228,1.2663e-08,"C"
"659",31.037,0.028,2.67740064450839,2.31319086502615,0.22497487982617,1600.17865229291,1.3483,3.342,1.133e-08,"C"
"663",9.399,0.175,2.35149017533725,2.1713050113405,0.273331271115241,1317.08310772908,1.20445,3.541,7.64e-09,"C"
"671",33.901,0.031,3.12276513414289,2.54256676306411,0.178605608047379,2015.61420123215,1.60926,3.139,2.0208e-08,"C"
"679",13.356,0.131,2.69879408453491,2.46564908885466,0.222305111980471,1619.39595897203,1.47927,3.36,1.2647e-08,"L"
"691",15.857,0.074,2.74768708210912,2.30082726237807,0.216397961805925,1663.60162080853,1.3131,3.316,1.4121e-08,"C"
"702",31.229,0.072,2.75949149287137,2.59558839621261,0.215010903722456,1674.33369083784,1.58101,3.337,1.3646e-08,"T"
"707",12.895,0.074,2.34191284098827,2.00046262771571,0.275009680844033,1309.04482669527,1.01049,3.529,8.2428e-09,"C"
"709",10.42,0.227,2.37121555644038,1.99986522400308,0.269927741303571,1333.69026192506,1.00327,3.521,8.9773e-09,"C"
"713",37.702,0.031,2.888845574758,2.47711461344486,0.200732449141551,1793.43201131441,1.54197,3.231,1.6232e-08,"C"
"725",16.099,0.142,2.72766584050032,2.48832158155078,0.218784890818176,1645.45183469357,1.51156,3.338,1.028e-08,"C"
"732",16.784,0.041,2.45626162915669,1.97881195453666,0.256030755690713,1406.0810742397,0.967543,3.465,9.5608e-09,"C"
"743",9.882,0.256,2.44366908995546,2.24897645242909,0.258012341884984,1395.28209142987,1.26238,3.491,1.0196e-08,"V"
"744",27.746,0.039,3.12784307897295,2.80434464782008,0.178170844601189,2020.53260063851,1.82002,3.205,1.7614e-08,"B"
"751",15.83,0.162,2.72095255056878,2.36719595880349,0.219595087961274,1639.38093216132,1.36135,3.337,1.3101e-08,"C"
"756",4.467,0.646,2.3303942273352,1.97451820729036,0.277051164653659,1299.39897726124,0.989774,3.551,8.4852e-09,"C"
"758",9.595,0.073,2.31411283626207,1.84075692148945,0.279980172559188,1285.80533653288,0.872874,3.535,9.7428e-09,"B"
"766",7.084,0.149,2.4504197127462,2.3298481726462,0.256946885306737,1401.06777153668,1.34751,3.481,9.6859e-09,"L"
"775",69.492,0.03,3.18120740680925,2.53322971411105,0.173706510665055,2072.46117961669,1.61401,3.1,1.9376e-08,"C"
"779",6.519,0.456,2.28983661036416,2.12654377496853,0.284444363236192,1265.62536133321,1.14321,3.585,8.2737e-09,"V"
"781",16.176,0.155,3.12215076648147,2.91050129378482,0.178658328871496,2015.0194075695,1.92548,3.16,1.8272e-08,"T"
"796",19.499,0.066,2.71835249170829,2.54107567161693,0.219910221849886,1637.03168034518,1.55318,3.353,1.4644e-08,"C"
"801",20.835,0.071,3.08794948121468,2.58955715784107,0.181634688685064,1982.0002589054,1.6072,3.205,1.603e-08,"C"
"802",4.361,0.354,2.3772230545163,1.97681959947895,0.26890518340671,1338.76184697977,0.991214,3.52,8.3489e-09,"C"
"803",18.984,0.132,2.66552645004952,2.18302400172372,0.226479855523009,1589.54534463409,1.22851,3.303,1.4031e-08,"C"
"816",20.746,0.029,2.47360357754824,2.00360658981045,0.25334300837541,1420.99836229364,1.02138,3.406,1.3665e-08,"C"
"820",6.721,0.125,2.1716649246921,2.1167407699036,0.30797456356488,1168.92770569398,1.12343,3.687,6.4906e-09,"C"
"828",7.251,0.212,2.3244281977129,2.21800917649272,0.278118495284264,1294.41229585269,1.24574,3.562,8.752e-09,"C"
"838",16.924,0.05,2.79035631273329,2.28609206747011,0.211453354039964,1702.50314370498,1.27186,3.295,1.4075e-08,"C"
"843",31.899,0.071,2.78723076280478,2.56117821998427,0.211809133657696,1699.64341850241,1.5765,3.286,1.5966e-08,"C"
"848",12.37,0.0504,2.28745902633351,1.93511763646408,0.284887955496038,1263.65468618419,0.956195,3.576,8.1508e-09,"C"
"857",14.758,0.046,2.62776604232914,1.89860788237415,0.231379047939245,1555.88850073637,0.909576,3.343,8.9427e-09,"C"
"875",15.049,0.055,2.75378925081379,2.5570449691608,0.215679080501771,1669.14658186816,1.54203,3.335,1.5146e-08,"C"
"880",31.996,0.058,2.84819240866809,2.32243212428824,0.205045426578283,1755.7085081464,1.3636,3.244,1.8025e-08,"C"
"886",9.535,0.029,2.38946829167662,1.7718023009665,0.266840758337371,1349.1192359184,0.808239,3.469,8.5956e-09,"C"
"889",24.207,0.03,2.78788497700275,2.13701237316905,0.211734582296671,1700.24185985635,1.13776,3.276,1.4182e-08,"C"
"890",15.479,0.091,2.69812286159554,2.17900843507111,0.222388072752603,1618.79185130798,1.22318,3.298,1.6695e-08,"C"
"896",14.244,0.056,2.42878273999706,1.94510011169741,0.260388063629546,1382.55185349883,0.948288,3.478,1.0433e-08,"C"
"898",10.938,0.128,2.40023845785147,1.74241223435205,0.265046753468357,1358.2509322944,0.728648,3.447,8.6776e-09,"C"
"900",3.668,1,2.33541227376504,1.88531187435426,0.276158704324643,1303.59823667479,0.869192,3.536,9.2636e-09,"C"
"916",15.838,0.064,2.79661227229214,2.2990158070273,0.210744226298759,1708.23185205392,1.29059,3.292,1.522e-08,"C"
"942",8.41,0.208,2.74165224722668,2.44393679472844,0.2171128469705,1658.12389742609,1.44529,3.338,1.109e-08,"L"
"944",11.125,0.061,2.74354646374235,2.57174315447134,0.216888035170262,1659.84259905066,1.57327,3.342,1.555e-08,"C"
"951",17.581,0.033,2.31892384905614,2.05535155433704,0.279109322933973,1289.81718065062,1.04358,3.535,9.4765e-09,"C"
"955",22.674,0.081,2.71097408815006,2.09984955795331,0.220808620276308,1630.37113111578,1.13833,3.295,1.4814e-08,"B"
"968",10.516,0.057,2.6077770682789,1.90480507162407,0.234044468284498,1538.16923185039,0.961449,3.322,1.4166e-08,"C"
"970",13.918,0.029,2.34530877011535,1.95154401739128,0.274412589804174,1311.89316152332,0.979082,3.518,7.8778e-09,"C"
"971",12.248,0.092,2.4578633513761,1.96701803293176,0.255780524123756,1407.45665149165,0.965319,3.462,1.0556e-08,"C"
"974",28.072,0.056,2.74571479558513,1.98678280146647,0.216631166335761,1661.81074537552,1.09742,3.144,1.623e-08,"C"
"977",13.398,0.222,2.7835344351676,2.40527920818159,0.212231173960536,1696.26352850002,1.40922,3.251,1.4296e-08,"L"
"994",15.004,0.072,2.79187963713547,2.12956086690107,0.211280315717891,1703.89749171279,1.14587,3.278,1.4614e-08,"C"
"1001",12.656,0.076,2.78259822701869,2.55888964395488,0.212338291077317,1695.40782387156,1.56211,3.327,1.3111e-08,"C"
"1012",4.106,0.02,2.84985790160236,1.1706349732483,0.204865706138726,1757.24872056538,0.2037,3.018,1.483e-08,"C"
"1019",0.918,0.033,0.915100584024785,0.672844532125696,1.12590260799391,319.743463994131,0.0139803,6.495,2.832e-09,"B"
"1020",0.939,0.042,1.40367070656063,0.941777176450591,0.592660821860456,607.430062392015,0.0371879,4.66,1.1122e-10,"C"
"1030",0.492,0.046,1.12639102593407,0.896894364165877,0.824461350288927,436.648728134849,0.0032228,5.525,4.0261e-11,"B"
"1033",4.692,0.018,2.25153009107414,1.00746396119772,0.291734264558005,1233.99971732981,0.0600285,3.404,1.6777e-09,"C"
"1035",0.875,0.161,1.92605586867466,1.01232764389503,0.368723445379182,976.341495262903,0.0293707,3.772,2.5651e-09,"T"
"1036",1.196,0.072,1.05384674322852,0.685334865321177,0.911040926839278,395.152390407934,0.0283416,5.78,6.6841e-10,"C"
"5",106.699,0.274,2.57424891828596,2.0823240496395,0.23863177163456,1508.60045807858,1.09589,3.396,4.5689e-09,"S"
"6",185.18,0.2679,2.42515999086816,1.93283528016974,0.260971740274011,1379.45970556817,0.973965,3.439,3.0397e-09,"S"
"7",199.83,0.2766,2.38533381395173,1.83383082935513,0.267534827919421,1345.61919582458,0.8461,3.493,2.1478e-09,"S"
"9",142.887,0.191,2.45310938059135,2.2066399303386,0.256524413946747,1403.37519716441,1.19322,3.483,2.717e-09,"S"
"12",231.689,0.248,2.64410030461289,2.15207458772911,0.229238302888866,1570.41818694028,1.19485,3.339,3.642e-09,"S"
"14",84.899,0.193,2.47035406848883,2.14171888217131,0.253843044630385,1418.19918888929,1.12981,3.466,3.6554e-09,"S"
"15",139.594,0.181,2.29665351101897,1.79673089433725,0.283178876696829,1271.28126292208,0.813258,3.542,2.6604e-09,"S"
"16",135.68,0.241,2.40978178898332,2.06743208323163,0.263473837406569,1366.35957309295,1.08461,3.506,3.5847e-09,"S"
"19",107.53,0.2536,2.62568342883259,2.00869005360568,0.231654386920691,1554.03920808652,1.04633,3.341,4.9897e-09,"S"
"20",61.054,0.35,2.40016056631098,1.7890463285871,0.2650596557723,1358.18481673899,0.923495,3.389,3.7443e-09,"S"
"21",94.8,0.1966,2.65433088715655,2.41505658977712,0.227914251624621,1579.54141715072,1.40287,3.38,8.2327e-09,"S"
"22",120.9,0.1763,2.7757659324725,2.35423089283492,0.213122750292062,1689.16739065472,1.37086,3.299,5.799e-09,"S"
"23",189.559,0.216,2.55411356493733,2.36844090346979,0.241459206147271,1490.93507654634,1.3871,3.427,4.4144e-09,"S"
"24",92.787,0.192,2.36557213441432,2.06377011542435,0.270894245961113,1328.93188160105,1.0709,3.536,3.6331e-09,"S"
"26",80.76,0.2564,2.58850776252398,2.37909394900948,0.23666272802556,1521.15207579759,1.37704,3.41,8.8021e-09,"S"
"27",52.929,0.24,2.87345553103382,1.92134665038382,0.202347271755998,1779.11961389876,0.913808,3.212,7.9598e-09,"S"
"32",179.484,0.269,2.76931901370579,2.46060758041819,0.213867401446757,1683.28598732062,1.46215,3.305,5.1202e-09,"S"
"33",111.251,0.22,2.26724651934877,2.1606375769631,0.28870609870345,1246.94283084674,1.16159,3.61,2.7357e-09,"S"
"52",43.218,0.373,2.39229953575061,1.95079024374725,0.266367196561743,1351.51777188357,0.971724,3.505,5.4589e-09,"S"
"55",116.044,0.125,2.39543090448221,2.09143760577777,0.265845064241696,1354.17221691467,1.08249,3.511,4.1985e-09,"S"
"59",56.309,0.228,2.42134054173754,1.97235879741441,0.261589473247344,1376.20216720114,0.967588,3.482,6.2942e-09,"S"
"68",63.479,0.287,2.44671233724891,1.98193141156742,0.257531113785603,1397.88934512862,0.99198,3.469,4.7521e-09,"S"
"71",57.621,0.167,2.76290133255214,2.15482616179462,0.214612992412329,1677.43805234467,1.17092,3.303,5.4113e-09,"S"
"76",145.483,0.189,2.55001216004737,2.07890247987845,0.242041979878368,1487.34529514636,1.10012,3.362,5.6259e-09,"K"
"86",85.734,0.205,3.08728325198111,2.56490208287855,0.181693486432679,1981.35886469099,1.54987,3.194,1.3915e-08,"S"
"87",65.84,0.1898,2.58380089211599,2.22146657166553,0.237309709737407,1517.00493164968,1.21145,3.387,9.1096e-09,"S"
"89",83.908,0.217,2.70165665262013,2.48768887789565,0.221951887086797,1621.9731434823,1.47464,3.356,8.9416e-09,"S"
"102",71.7,0.256,2.76628864886941,2.37330925071253,0.214218923175399,1680.5238055708,1.38617,3.322,9.8718e-09,"S"
"105",57.3,0.2306,2.58125824794162,2.37358202595844,0.237660435620229,1514.76622122861,1.37392,3.413,5.809e-09,"S"
"110",88.648,0.128,2.63077646717231,2.43217157631784,0.230982007405218,1558.56295494238,1.41966,3.394,7.6561e-09,"S"
"128",97.75,0.164,2.77150905283853,2.25309550173991,0.213613955347805,1685.28315209486,1.37349,3.174,7.9456e-09,"S"
"130",39.037,0.233,2.59151599067091,2.50528957150075,0.236250770986365,1523.80455097341,1.51343,3.41,9.2501e-09,"S"
"135",39.025,0.213,2.87094934625979,2.72286669800725,0.202612287041709,1776.79253936802,1.73552,3.296,1.2735e-08,"S"
"146",37.517,0.188,2.35800945061912,2.04937234704769,0.272198521459714,1322.5641273488,1.0393,3.535,6.8305e-09,"S"
"147",33.136,0.282,2.55378653582551,2.39131268837727,0.241505588284073,1490.64873636194,1.41245,3.392,8.9555e-09,"S"
"151",64.849,0.169,2.86228459814793,2.45818502730475,0.203533009108759,1768.75486475824,1.47493,3.254,1.2357e-08,"S"
"156",69.946,0.198,2.97611085474428,2.64439956310379,0.191968697447553,1875.30573883461,1.65329,3.238,1.5021e-08,"S"
"165",35.752,0.242,2.76110714384128,2.26662143731659,0.214822212157061,1675.80436112815,1.28314,3.288,1.1137e-08,"S"
"166",38.49,0.17,2.45142759538851,2.36226813200872,0.256788439457172,1401.93227063106,1.36098,3.489,7.5412e-09,"S"
"168",98.776,0.327,2.40310050767141,1.81423966637495,0.264573395548343,1360.68102861922,0.817303,3.474,3.274e-09,"S"
"173",31.729,0.373,2.73772281863345,2.28755177325841,0.217580444788694,1654.56045624697,1.29195,3.315,9.0204e-09,"S"
"174",54.323,0.268,2.45916842610198,1.90117916699916,0.255576937983692,1408.57779594719,0.923875,3.437,5.5771e-09,"S"
"184",82.096,0.092,2.75251271750738,2.35395990586378,0.215829136183813,1667.98610403279,1.33801,3.32,9.46e-09,"B"
"188",31.494,0.352,2.7117760627876,2.15894308852094,0.220710675341362,1631.09464208383,1.15262,3.278,9.2204e-09,"S"
"192",45.476,0.205,2.38593688996205,1.80036156697861,0.26743340006431,1346.12954071343,0.791683,3.447,6.6148e-09,"L"
"193",77.708,0.156,2.79746414043829,2.26363467921709,0.210647971646378,1709.01242098995,1.25993,3.287,9.4639e-09,"L"
"199",11.077,0.256,2.1743507077078,1.87657715830656,0.307404119223011,1171.09686399105,0.876976,3.672,5.4425e-09,"S"
"205",64.78,0.1676,2.6155315047796,2.08165078609064,0.233004409816367,1545.03513596039,1.08817,3.334,7.1316e-09,"S"
"208",23.952,0.198,2.88686205640921,2.66287669057504,0.200939364923594,1791.58523834734,1.66398,3.287,1.1116e-08,"S"
"209",62.969,0.187,2.79685245498944,2.4134259489097,0.210717080052677,1708.45192003421,1.42165,3.289,1.1974e-08,"S"
"213",32.773,0.247,2.75641275943137,2.39314307364521,0.215371234045533,1671.53241980259,1.39565,3.317,1.0601e-08,"S"
"219",28.981,0.175,2.76178597455874,2.19453544214101,0.214743013973456,1676.42240526856,1.19619,3.306,8.1801e-09,"S"
"221",28.34,0.171,2.79451803816944,2.31545104208404,0.210981170784841,1706.31340541346,1.32911,3.304,1.0332e-08,"S"
"227",46.191,0.23,2.78211942292162,2.33823353167961,0.212393108719435,1694.97024724822,1.3435,3.296,1.1882e-08,"S"
"238",44.329,0.198,3.01307975481802,2.71854291423011,0.188446524755733,1910.356269327,1.71054,3.219,1.4348e-08,"K"
"241",86.447,0.332,2.79647287632379,2.51146153441311,0.210759983967195,1708.10413449279,1.53123,3.302,1.0739e-08,"S"
"246",24.04,0.341,2.53737674755675,2.26814337524212,0.243852178819336,1476.30421734601,1.28959,3.436,8.4899e-09,"S"
"252",52.976,0.234,2.72750991386572,2.55090674164411,0.21880365237012,1645.31074367551,1.53546,3.341,1.0257e-08,"S"
"253",173.642,0.059,3.15014055395182,2.33428013820987,0.176282490008107,2042.17673566696,1.44687,3.027,9.1292e-09,"B"
"254",44.67,0.3014,2.7800976733263,2.55861232649504,0.212624836409059,1693.12299578876,1.5492,3.311,1.0367e-08,"S"
"255",35.465,0.321,2.28877272435211,1.89486611827151,0.28464271290595,1264.74342632811,0.883498,3.574,6.9288e-09,"S"
"257",27.831,0.339,2.77638709962595,2.41483250318228,0.213051230664709,1689.73443090105,1.42166,3.312,1.1628e-08,"S"
"261",34.435,0.192,2.65100042641828,2.25711449126717,0.228343880649671,1576.56950988023,1.27543,3.368,1.0436e-08,"S"
"265",74.378,0.225,2.60828332533954,2.4330023088791,0.233976330988719,1538.61716900483,1.45103,3.394,7.1958e-09,"S"
"266",15.751,0.29,2.32018548993003,1.61155308925821,0.278881698122951,1290.8699366901,0.644476,3.412,5.5758e-09,"S"
"269",29.97,0.294,2.76399610007408,2.13734712092838,0.214485498708174,1678.43514908115,1.13859,3.294,1.1212e-08,"S"
"288",101.9,0.055,3.13973147627514,2.60565990320312,0.177159853950484,2032.06308863079,1.59502,3.187,1.3214e-08,"B"
"289",46.9,0.2338,2.36865592074498,2.02246183400177,0.270365396662116,1331.53134404216,1.00665,3.502,7.2714e-09,"S"
"290",16.84,0.25,1.45811225801466,1.13333862134867,0.55978032818538,643.109416093629,0.149341,4.582,4.3845e-10,"S"
"294",25.504,0.21,2.2151923238341,2.12481133723225,0.298941987230651,1204.24702911418,1.13169,3.649,5.5507e-09,"S"
"298",37.713,0.286,2.78906770095551,2.29028647878428,0.211599915247352,1701.32393285307,1.2797,3.261,8.2771e-09,"S"
"299",36.698,0.191,2.99295332530551,2.2695811914996,0.190350559509544,1891.24739600227,1.32145,3.175,1.2276e-08,"L"
"303",27.75,0.148,2.40519729009355,2.17910091737885,0.264227499646933,1362.46227391562,1.17956,3.506,7.6459e-09,"S"
"310",30.06,0.222,2.6667947278859,2.51168040117774,0.22631831034069,1590.67995628843,1.49793,3.347,1.1104e-08,"S"
"311",63.88,0.2072,2.74884768114927,2.21973422794225,0.216260927245886,1664.65576831031,1.28699,3.278,9.1849e-09,"S"
"315",14.403,0.193,2.19859838160591,2.02384009604267,0.302332766414804,1190.7409318184,1.04487,3.66,5.4095e-09,"S"
"329",17.804,0.101,2.78624036227316,2.23671584064585,0.211922078607877,1698.73758489371,1.33982,3.057,1.2967e-08,"B"
"330",167.791,0.285,2.77254619998951,2.28637273023607,0.213494104296392,1686.22923422848,1.3544,3.256,5.3799e-09,"S"
"331",30.819,0.252,2.97833250293776,2.84319487115971,0.191753942698128,1877.40598672715,1.84048,3.249,1.3971e-08,"S"
"332",32.333,0.213,2.88353278671985,2.71470827504257,0.201287466253214,1788.48691724864,1.72963,3.288,1.251e-08,"S"
"341",31.04,0.119,3.18996982433307,2.71272137293407,0.172991279800295,2081.02975141632,1.72827,3.178,1.453e-08,"B"
"344",35.334,0.062,2.7499181599584,2.30700116789429,0.216134661556173,1665.62825882713,1.32405,3.312,1.0664e-08,"B"
"345",53.29,0.2477,2.71240082784067,2.07279953598769,0.220634423128933,1631.65835545809,1.09018,3.299,9.2083e-09,"S"
"349",11.696,0.298,2.40893199024042,1.82128346600399,0.2636132681679,1365.63687595083,0.827709,3.474,6.7122e-09,"S"
"354",54.01,0.1987,2.3737600132904,1.81955624539998,0.269493850302703,1335.83753245441,0.854859,3.483,7.5462e-09,"S"
"356",43.787,0.155,3.02155910253577,2.61947637734005,0.187653830327923,1918.42606873999,1.65565,3.209,1.329e-08,"K"
"358",36.06,0.2361,2.67048270393921,2.28262095445097,0.22584964884751,1593.98078251193,1.30102,3.331,1.2312e-08,"S"
"361",25.115,0.227,2.66064376672331,2.51054715672823,0.227103578593757,1585.17977668669,1.51488,3.361,1.01e-08,"S"
"367",21.874,0.316,2.41433507510743,1.82722301983249,0.262728845974508,1370.23400938217,0.856782,3.462,7.0076e-09,"S"
"368",28.287,0.221,2.64410251279415,2.04060102050596,0.2292380157217,1570.42015420797,1.03216,3.325,1.0181e-08,"S"
"373",33.387,0.203,3.01879778574422,2.76670270073463,0.187911361728806,1915.79687725085,1.75656,3.214,1.395e-08,"S"
"376",33.36,0.1617,3.19746373410038,2.80508725707983,0.172383475645824,2088.36722111143,1.83185,3.168,1.6662e-08,"L"
"377",7.726,0.345,2.54574351873452,1.83552379934112,0.242651010230425,1483.61220362585,0.829815,3.354,1.0047e-08,"S"
"384",37.622,0.092,2.81415888431826,2.7836046442456,0.208776279287673,1724.33382388215,1.80168,3.318,1.0707e-08,"S"
"386",32.403,0.313,2.95447916572899,2.80524975392682,0.194080845819891,1854.89710990895,1.82164,3.25,1.3936e-08,"S"
"388",63.909,0.11,2.58880647241882,1.78756551178387,0.236621768150765,1521.41539137948,0.962939,3.232,1.0178e-08,"K"
"398",19.768,0.17,2.81491191011253,2.57185075173757,0.208692509308065,1725.02597814174,1.58188,3.298,1.1693e-08,"S"
"400",33.73,0.2029,2.88606102348214,2.83194768215821,0.20102302750789,1790.83960908842,1.84292,3.291,1.1253e-08,"S"
"405",47.804,0.231,2.58950976209619,1.9543483466171,0.236525377890092,1522.03540783384,0.963454,3.345,8.26e-09,"S"
"411",11.065,0.27,2.24384842170211,1.85566651262395,0.293233645956693,1227.68994951271,0.848747,3.607,6.1222e-09,"S"
"429",26.636,0.196,2.79453091265891,2.44431204457728,0.210979712791451,1706.32519703851,1.47097,3.261,1.3358e-08,"S"
"432",21.197,0.287,2.53461697735245,2.38015263735813,0.244250558025819,1473.89632559998,1.36883,3.442,8.8293e-09,"S"
"434",30.923,0.213,2.7444689271747,2.39140329252119,0.216778694634513,1660.67980346019,1.4139,3.331,1.0126e-08,"S"
"437",8.917,0.277,2.19780256118279,1.88632251464198,0.302496992519645,1190.09447664714,0.874361,3.65,5.3115e-09,"S"
"440",13.423,0.275,2.22577446702608,2.05900273684277,0.296812604448123,1212.8864967489,1.05521,3.64,6.4131e-09,"S"
"452",13.683,0.216,2.3213851446577,1.70621683263542,0.278665543651156,1291.87123489749,0.693023,3.522,7.0342e-09,"S"
"456",24.337,0.214,2.54240461503232,2.3007026568753,0.243129172299289,1480.69438395836,1.29008,3.395,1.0335e-08,"S"
"458",12.07,0.28,2.21559139591163,1.87508537753238,0.29886122277116,1204.57246564789,0.877864,3.633,6.2042e-09,"S"
"463",11.636,0.282,2.19742255222176,1.82248731037104,0.302575463911507,1189.7858317596,0.805676,3.642,5.8407e-09,"S"
"466",57.505,0.248,2.7022921558539,2.48841308837654,0.221873596413153,1622.54547553121,1.51095,3.266,8.6692e-09,"S"
"467",11.443,0.272,2.23885931653145,1.98551427625209,0.294214360698532,1223.59764882067,0.971351,3.625,5.712e-09,"S"
"470",25.618,0.239,2.63565545831039,2.20572651291739,0.230340931125542,1562.90068916926,1.23024,3.153,1.2455e-08,"S"
"473",9.204,0.229,2.55995315818517,1.86493260674753,0.240633476703783,1496.05119342209,0.882164,3.378,9.1861e-09,"S"
"478",20.786,0.31,2.52919622504538,2.23491188079812,0.245036221240011,1469.17055028931,1.23219,3.392,9.4927e-09,"S"
"483",9.539,0.308,2.21931621895572,1.93442862730881,0.298109141158282,1207.61140903377,0.953301,3.633,6.0131e-09,"S"
"485",10.067,0.15,2.78866595561445,2.66567395529398,0.211645642672086,1700.95635069495,1.65979,3.325,1.0603e-08,"S"
"491",37.675,0.238,2.66414533405234,1.24353049695955,0.226655992021403,1588.3100940301,0.343497,3.035,2.7356e-09,"S"
"497",13.479,0.169,2.19886832703917,1.74115387490062,0.302277094019326,1190.96023854518,0.728105,3.633,5.6926e-09,"S"
"498",11.869,0.292,2.22993072945102,1.83342473550245,0.295983168770938,1216.28537695197,0.821521,3.616,5.4428e-09,"S"
"499",11.91,0.201,2.19620849488173,1.78389984260625,0.302826392768474,1188.79994807863,0.774312,3.643,6.3584e-09,"S"
"500",35.657,0.219,3.12671522368052,2.78228678437274,0.178267256827494,2019.43983660649,1.79924,3.162,1.4447e-08,"S"
"504",15.137,0.173,2.20160958273603,1.77110759720992,0.301712715465792,1193.18802803595,0.780079,3.628,5.9717e-09,"S"
"507",36.632,0.229,3.06854865066238,2.7293477899076,0.183359980468739,1963.35099447382,1.76322,3.164,1.5096e-08,"S"
"510",12.14,0.241,2.59617515021744,2.26812067847616,0.23561508426979,1527.91575766763,1.29236,3.369,1.1149e-08,"S"
"517",29.179,0.16,2.771547953178,2.45939403414646,0.21360945806342,1685.31863365861,1.4894,3.284,1.2572e-08,"S"
"518",13.43,0.155,2.2710083537446,1.7446798843948,0.287989050711915,1250.04752475857,0.728039,3.574,5.7143e-09,"S"
"520",17.13,0.203,2.42639184701905,2.32453330496888,0.260773026180882,1380.51088056282,1.32797,3.504,8.5427e-09,"S"
"524",8.347,0.37,2.23715395169108,2.00069191051058,0.294550840737641,1222.19987251931,1.01535,3.623,6.6692e-09,"S"
"527",12.67,0.273,2.19021999771042,1.79438256175173,0.304069222736076,1183.94093542466,0.793823,3.647,5.5887e-09,"S"
"535",28.468,0.282,2.72197787798844,2.6769040940669,0.219471022481842,1640.30766307559,1.69157,3.34,1.1899e-08,"S"
"537",19.037,0.215,2.69427171407697,2.13499474857496,0.22286505986148,1615.3272308533,1.27527,3.101,1.161e-08,"S"
"542",6.965,0.252,2.7843866326294,2.36495654711051,0.212133747281667,1697.04257155275,1.3521,3.3,1.5813e-08,"S"
"546",7.8,0.4598,2.22781650924652,1.61455149373418,0.296404605210535,1214.5560280492,0.61558,3.588,5.2121e-09,"S"
"554",36.824,0.121,3.09760859219917,2.50717291553612,0.180785778388805,1991.30707740611,1.49146,3.192,1.4278e-08,"B"
"556",21.441,0.232,2.84907876602363,2.66327024906234,0.204949748606025,1756.52813652398,1.64977,3.301,1.2402e-08,"S"
"563",26.491,0.039,2.76693206084398,2.35602401125291,0.214144207025346,1681.11015002797,1.43479,3.264,1.1666e-08,"L"
"575",17.19,0.1502,2.62734421186236,2.15520854838151,0.231434773402742,1555.51386987784,1.18132,3.345,8.7731e-09,"S"
"592",11.391,0.257,2.54398551120849,1.74607919000635,0.242902577695335,1482.07566760175,0.762564,3.357,7.0615e-09,"S"
"595",9.587,0.366,2.22625402858121,2.05281875230807,0.296716704173507,1213.27850753386,1.05366,3.637,6.05e-09,"S"
"596",7.234,0.37,2.19109188996288,2.00257088750436,0.303887745255678,1184.64796827233,1.01618,3.661,6.3305e-09,"S"
"597",7.949,0.239,2.3928490399551,1.56007474083433,0.266275447256774,1351.98345814004,0.672667,3.358,7.9474e-09,"S"
"601",6.095,0.307,2.22496090751983,1.59941002657597,0.296975414132311,1212.2215606697,0.583741,3.575,6.2389e-09,"S"
"604",7.548,0.366,2.23442694996817,1.94446425899526,0.295090231169742,1219.96583408727,0.928451,3.623,6.5774e-09,"S"
"608",17.495,0.145,2.86887494112021,2.79024546095577,0.202832081880756,1774.86715445558,1.7732,3.296,1.2719e-08,"S"
"609",2.56,0.29,1.24530233955045,0.827577502472563,0.709237790034047,507.587166192481,0.0298285,5.075,6.7723e-10,"S"
"614",16.24,0.351,2.75196868644532,2.56989983189054,0.215893139577594,1667.49161508494,1.58951,3.316,1.1786e-08,"S"
"616",35.943,0.045,2.77932414725092,2.12493658461384,0.212713607431964,1692.41641071385,1.14865,3.273,9.9149e-09,"B"
"617",28.01,0.271,2.7845608408795,2.06273685822196,0.212113840262389,1697.20184008112,1.08185,3.224,1.2983e-08,"S"
"618",11.342,0.239,2.39544384536338,1.67370188864494,0.265842909986601,1354.18319043432,0.81984,3.384,7.237e-09,"S"
"619",8.424,0.473,2.33928511054288,1.81439768968241,0.275473190535094,1306.84223499469,0.836351,3.524,6.4323e-09,"S"
"620",8.998,0.455,2.19013889865436,1.84868523657179,0.304086112045177,1183.8751779184,0.832299,3.653,6.2483e-09,"S"
"625",12.252,0.059,2.29943164199556,1.73586634389086,0.282665834478808,1273.58865518284,0.731415,3.54,7.275e-09,"B"
"626",6.111,0.359,2.12568960157048,1.88225033544185,0.318019903745134,1132.00461908356,0.86675,3.717,6.3311e-09,"S"
"629",38.476,0.037,2.71069013705228,2.5542189949266,0.220843316509864,1630.11498690258,1.59452,3.328,1.0051e-08,"B"
"634",7.887,0.341,2.18329416638967,1.74042706795407,0.305517219119033,1178.32965696032,0.736565,3.647,4.5231e-09,"S"
"635",6.35,0.2005,1.70904454983725,1.52042095428043,0.441137521084966,816.072047361988,0.510856,4.105,4.4433e-09,"S"
"643",9.077,0.178,2.23673770989108,2.18340325138024,0.294633065449585,1221.85878713467,1.18461,3.635,6.5214e-09,"S"
"644",6.631,0.294,2.19877528275381,1.92992583831432,0.302296281146326,1190.88464679373,0.939414,3.649,7.0106e-09,"S"
"647",7.71,0.274,2.18842366337218,2.06519013795209,0.304443685460225,1182.48469977556,1.08174,3.67,6.5596e-09,"S"
"648",8.083,0.296,2.23920836628644,1.95272145982861,0.294145569792405,1223.8838077829,0.937573,3.619,6.9557e-09,"S"
"651",17.03,0.242,2.86998572475013,2.73796924783619,0.202714338740333,1775.89805554476,1.72121,3.296,1.2896e-08,"S"
"652",7.986,0.333,2.24357123883958,1.9405435603747,0.293287989128647,1227.46247150984,0.950601,3.617,5.5439e-09,"S"
"653",10.769,0.383,2.6980464624516,2.48738803036957,0.222397518686295,1618.72309604228,1.47048,3.364,1.1082e-08,"L"
"661",13.154,0.178,2.74053366375971,2.43337512483762,0.217245786564031,1657.10923877409,1.42179,3.336,1.1645e-08,"S"
"662",17.211,0.15,2.78001008345558,2.57552192768569,0.212634885254962,1693.04298101573,1.56672,3.316,1.211e-08,"S"
"666",7.865,0.496,2.24103253015042,1.87074782151511,0.293786498354987,1225.37966181484,0.854763,3.613,7.6157e-09,"S"
"667",12.634,0.175,2.70746286381896,2.38858290409117,0.221238299252421,1627.20469835677,1.39817,3.348,9.8061e-09,"S"
"668",6.893,0.257,2.35094874581329,2.05046437388309,0.273425699890349,1316.62824725097,1.04939,3.54,9.4697e-09,"S"
"674",13.61,0.0549,2.17869647272918,1.45983602175317,0.306484826636873,1174.60953597723,0.443941,3.604,6.7129e-09,"S"
"678",4.639,0.404,2.36836041200474,1.48033201928637,0.270415999916706,1331.28217306257,0.634139,3.371,1.1921e-08,"S"
"681",7.37,0.35,2.20714922116262,2.03274874346801,0.300577542887969,1197.69426731317,1.0582,3.65,7.8049e-09,"S"
"682",16.123,0.276,2.53375762610813,2.13768675020667,0.244374828880501,1473.14681159752,1.20081,3.383,1.2135e-08,"S"
"685",16.66,0.175,2.62669263655481,2.42006146898099,0.231520893034421,1554.93525997448,1.4272,3.381,1.2412e-08,"S"
"686",11.434,0.214,2.54615567881069,1.9844582118442,0.242592093755532,1483.9725171043,1.01045,3.4,1.1224e-08,"S"
"687",8.252,0.244,1.88735939181823,1.67782678825278,0.380121263369182,947.066198847078,0.693575,3.749,8.2689e-09,"S"
"688",12.439,0.314,2.8037453801554,2.4394944264574,0.209940495273017,1714.77160483897,1.43341,3.304,1.488e-08,"S"
"694",14.843,0.242,2.710247019709,2.27690550101171,0.220897479563715,1629.71529014736,1.28812,3.325,1.2853e-08,"S"
"695",6.255,0.344,2.40290949162595,1.85900647106758,0.264604944032548,1360.51879648824,0.867465,3.45,9.8403e-09,"S"
"696",1.8,0.4328,2.17429020026181,0.624232569368983,0.307416951250362,1171.04798071729,0.00318061,3.299,9.4462e-09,"S"
"705",17.719,0.177,2.54839237906104,2.10956324022425,0.242272782614207,1485.92836601568,1.12684,3.379,1.363e-08,"S"
"711",12.564,0.213,2.80489992322934,2.48793043142743,0.209810886156529,1715.83089226087,1.47973,3.309,1.3823e-08,"S"
"715",17.268,0.113,2.7606843780869,1.85167496992765,0.214871560220276,1675.41949074575,0.997162,3.064,1.7806e-08,"B"
"717",7.437,0.291,2.22182073081216,1.93182811985741,0.297605225096075,1209.65618088117,0.945907,3.632,8.0019e-09,"S"
"722",12.954,0.079,2.35492756526203,1.97509737935783,0.272733034103367,1319.97211552877,0.961447,3.535,8.726e-09,"B"
"723",38.519,0.055,2.79025343462605,2.46252637556759,0.211465048741822,1702.40898976892,1.52794,3.251,1.4477e-08,"L"
"727",9.238,0.252,2.22535324850361,2.07216533323407,0.296896880202589,1212.5422124825,1.09225,3.64,7.1163e-09,"S"
"729",10.579,0.301,2.76016913342965,2.515251776609,0.214931728592873,1674.95047081633,1.52162,3.332,1.2101e-08,"S"
"737",6.409,0.392,2.2399739469146,1.96414946704867,0.293994782609564,1224.51152637662,0.955978,3.621,7.6135e-09,"S"
"738",4.604,0.526,2.21021361908632,2.04477753644041,0.299952646373021,1200.18944441085,1.03098,3.647,9.0554e-09,"V"
"741",4.884,0.066,1.74040822808293,1.34149425511959,0.429266880283195,838.639122968214,0.48455,4.023,6.365e-09,"B"
"745",10.96,0.213,2.21339152589649,1.98901040340499,0.299306886699879,1202.77887344764,0.986738,3.647,7.1092e-09,"S"
"749",6.559,0.259,2.19509018469372,2.04196704211278,0.303057839046781,1187.8920576096,1.04343,3.665,7.1658e-09,"S"
"750",13.252,0.204,2.7358662259936,2.32573895991432,0.217801961528191,1652.87767600479,1.32194,3.326,1.2195e-08,"A"
"754",12.766,0.236,2.74605220530248,2.20834863029707,0.216591241084987,1662.11707452538,1.24386,3.303,1.3294e-08,"S"
"761",12.014,0.037,2.42877325984635,1.99055051831043,0.260389588177267,1382.54375883463,0.982494,3.485,8.5594e-09,"B"
"764",9.301,0.324,2.3089283640004,2.23868765786597,0.280923703756,1281.48673531901,1.24344,3.57,9.0719e-09,"S"
"771",6.552,0.251,2.24447617594173,1.94431394891362,0.293110633428437,1228.20518583436,0.955196,3.615,7.8743e-09,"S"
"772",9.511,0.282,2.79578767715295,2.50537558670032,0.210837469150709,1707.47638666952,1.51697,3.301,1.5281e-08,"S"
"774",5.672,0.241,2.24765550168176,1.8996356133642,0.292488942586406,1230.81575944927,0.914948,3.609,6.9404e-09,"S"
"776",4.12,0.247,2.20278147940184,1.76495818698615,0.301471977268571,1194.14083942962,0.755807,3.634,6.4597e-09,"S"
"778",12.214,0.358,2.7917998284008,2.5179921561578,0.211289375537471,1703.82443075637,1.53135,3.301,1.4007e-08,"S"
"783",12.546,0.257,2.82873812462819,2.76850755904051,0.207164319755485,1737.75098156336,1.75222,3.314,1.3327e-08,"S"
"785",22.473,0.211,3.01874840496497,2.73763907659563,0.187915972537414,1915.74987021566,1.73588,3.223,1.8574e-08,"K"
"786",12.079,0.05,2.46830348659386,2.09125812247293,0.254159436464771,1416.4337354828,1.10565,3.469,8.8134e-09,"B"
"788",13.671,0.216,2.60771703813666,2.28491796365498,0.234052549953276,1538.11611995626,1.29484,3.354,1.4463e-08,"S"
"795",7.145,0.218,2.27744103924337,1.87321668014664,0.286769764984511,1255.36246828338,0.861722,3.576,9.4469e-09,"S"
"798",13.618,0.237,2.76419493310967,2.38800924128758,0.214462356688396,1678.61626421957,1.4014,3.244,1.6044e-08,"S"
"800",9.597,0.304,2.92727296646801,2.6681536102479,0.196792816257375,1829.33506845684,1.6861,3.271,1.4023e-08,"S"
"805",5.818,0.25,2.19213316431646,2.0746978604039,0.303671248643279,1185.49254039815,1.08634,3.665,6.6649e-09,"S"
"808",31.104,0.073,3.96891604232349,3.3279614572264,0.124651125980101,2888.06055436249,2.32364,3.03,3.5902e-08,"T"
"813",5.038,0.408,1.81751407170015,1.72047974936574,0.402241986623516,894.983646590199,0.728694,3.964,5.2635e-09,"S"
"817",9.365,0.319,2.77667130286709,2.49423870429575,0.213018521553182,1689.9938905553,1.50995,3.325,1.423e-08,"S"
"818",5.399,0.183,2.19890596808422,1.96963410095615,0.30226933244799,1190.99081962588,0.962962,3.653,8.6097e-09,"S"
"821",7.894,0.212,2.34914684518031,2.1939887683044,0.273740354809864,1315.11482934276,1.18792,3.548,9.9781e-09,"S"
"822",7.689,0.318,2.22065179710033,2.13003927605652,0.29784024160607,1208.7016786541,1.12539,3.639,7.3131e-09,"S"
"824",10.863,0.207,2.79206418674487,2.63261422852245,0.211259368282872,1704.06644176824,1.65311,3.323,1.4571e-08,"S"
"825",7.023,0.377,2.36712631383366,1.51488491486856,0.270627499012449,1330.24175781723,0.661699,3.367,9.4425e-09,"S"
"827",4.581,0.403,2.42326697705562,1.87334228720631,0.261277599831602,1377.84486780354,0.886787,3.464,9.3538e-09,"S"
"830",7.396,0.245,2.44892200267812,2.06597018359584,0.257182636447128,1399.78345728643,1.08099,3.479,9.2718e-09,"S"
"832",6.3,0.281,2.20351222780314,2.00933062882739,0.301322024458809,1194.73510323907,1.01768,3.651,6.797e-09,"S"
"835",9.011,0.229,2.75258449885005,2.21604451706564,0.215820693715915,1668.05135226685,1.23419,3.304,1.368e-08,"S"
"837",9.98,0.234,2.69369177159722,2.62211568218789,0.222937036844865,1614.80570969692,1.62397,3.359,1.2832e-08,"S"
"846",9.068,0.309,2.35928745601004,1.47215172571073,0.271977380074636,1323.63948759712,0.640756,3.37,9.2168e-09,"S"
"847",7.972,0.253,2.55307976092819,2.07249226615427,0.24160588003909,1490.02996095026,1.08502,3.4,1.0601e-08,"S"
"853",11.159,0.325,2.73504894820471,2.03730880018533,0.21789959305468,1652.13709192041,1.06905,3.095,1.7947e-08,"S"
"859",13.393,0.326,2.60383632689688,2.24803883433843,0.234575986483929,1534.68394355304,1.29374,3.36,1.3857e-08,"S"
"861",5.161,0.289,2.29223192162116,1.78730729953371,0.283998626427296,1267.61176463704,0.866918,3.456,8.7154e-09,"S"
"863",8.243,0.285,2.69024339001013,2.40236862772162,0.223365818648477,1611.70586519575,1.42385,3.355,1.3803e-08,"S"
"864",5.22,0.309,2.19093568570987,1.80609332664722,0.303920244660811,1184.5212891355,0.790936,3.649,7.4791e-09,"S"
"868",6.252,0.294,2.27352386660693,1.90819716935368,0.287511219965595,1252.12504765233,0.917088,3.588,7.5049e-09,"S"
"869",15.538,0.168,2.73247886223625,2.44820498519243,0.21820708986188,1649.80890505378,1.44814,3.343,1.2829e-08,"L"
"870",5.798,0.398,2.47411854304211,2.35541346638582,0.253263915892823,1421.44212976769,1.38057,3.474,9.3538e-09,"V"
"871",12.812,0.172,2.80674327431469,2.37692359190169,0.20960422763159,1717.52260948072,1.3732,3.291,1.5515e-08,"S"
"872",8.175,0.29,2.55339810162491,2.06649792163847,0.241560698725509,1490.30865492352,1.07045,3.406,8.9397e-09,"S"
"874",5.021,0.419,1.8920189142396,1.63927335897892,0.378717927014846,950.575545334267,0.787059,3.847,7.5567e-09,"S"
"878",1,0.23,1.92690698707858,1.04286066180984,0.36847917360944,976.988730390426,0.0555272,3.781,2.2013e-09,"V"
"884",6.634,0.473,2.41647645887599,2.26607887420824,0.262379693827743,1372.05739799493,1.27846,3.508,9.2548e-09,"S"
"885",4.694,0.384,2.14490883278473,2.00617572920802,0.313755116999248,1147.39164557072,1.01865,3.706,6.7233e-09,"S"
"888",4.693,0.245,1.87235071182396,1.72155934403801,0.384700963205844,935.791782271607,0.746764,3.871,5.5571e-09,"S"
"891",10.397,0.215,2.8009507989745,2.43372957775797,0.210254768237118,1712.20849362144,1.42084,3.298,1.5803e-08,"S"
"892",2.945,0.097,1.98271874342189,0.725106602371331,0.353030644574009,1019.74150270836,0.0284265,3.572,2.306e-09,"S"
"894",6.551,0.412,2.41660015319624,2.26694542681344,0.262359549124123,1372.16274841852,1.28205,3.507,1.0512e-08,"V"
"895",9.636,0.209,2.36662481660873,1.66614753972984,0.270713524136743,1329.81904449723,0.681142,3.484,8.097e-09,"S"
"897",7.675,0.119,2.36835602834198,1.77971539064802,0.270416750698947,1331.27847690465,0.778018,3.487,7.1743e-09,"S"
"899",5.9,0.214,2.2079734390441,1.79627383273385,0.300409253999259,1198.36521414513,0.790948,3.631,7.4131e-09,"S"
"901",7.938,0.256,2.24387108205912,1.85985004799307,0.293229204015455,1227.70854700075,0.869056,3.608,6.8729e-09,"S"
"902",14.8,0.097,2.77233143386151,2.14736958812794,0.213518913121317,1686.03331076089,1.21296,3.239,1.9132e-08,"S"
"906",11.61,0.29,2.76011892012184,2.21490637493262,0.214937593819577,1674.90476469273,1.22813,3.286,1.4759e-08,"S"
"909",5.687,0.388,2.22285808180909,1.842856431325,0.29739692228632,1210.50344849705,0.858572,3.624,7.1942e-09,"S"
"910",11.1,0.36,2.75899177817603,2.46446704350839,0.215069321243349,1673.8789052701,1.46716,3.316,1.4086e-08,"S"
"911",6.336,0.118,2.2379598396355,1.83722239078339,0.294391753700129,1222.86033992209,0.836059,3.611,8.0483e-09,"S"
"915",10.767,0.265,2.76861740640405,2.19730581237171,0.213948702190573,1682.64633678092,1.21391,3.284,1.4207e-08,"S"
"919",7.482,0.178,2.26365989721388,2.2199135688078,0.289392524526315,1243.98513952376,1.2374,3.617,8.1748e-09,"L"
"920",11.266,0.278,2.61680290270505,2.11255480233039,0.232834619418429,1546.16182464275,1.17019,3.34,1.2473e-08,"S"
"921",18.719,0.224,2.64628225922296,2.33903688789882,0.228954838539837,1572.36248989497,1.37853,3.353,1.2397e-08,"S"
"922",15.168,0.207,2.74282525016538,2.40820260164978,0.216973585395076,1659.18814193209,1.44221,3.286,1.6825e-08,"S"
"924",5.003,0.177,2.26454337985877,1.77934938674503,0.289223186855386,1244.71348204874,0.775379,3.584,9.4091e-09,"S"
"926",8.156,0.35,2.38236976620579,1.77239549192378,0.268034267142103,1343.1118484904,0.793273,3.471,1.2941e-08,"S"
"928",5.944,0.485,2.36054604961243,1.98578313785962,0.271759890126561,1324.69879875336,0.993888,3.521,8.1993e-09,"S"
"930",4.721,0.423,2.18536836009168,2.02514263687443,0.305082360048921,1180.00922748294,1.02252,3.669,6.9283e-09,"S"
"932",5.017,0.584,2.23688455028783,2.04471371012634,0.294604054122517,1221.97911047852,1.05586,3.63,7.9629e-09,"S"
"938",7.578,0.337,2.55468458688448,1.99761346016773,0.241378254391914,1491.43509595312,0.984447,3.397,1.123e-08,"S"
"939",6.239,0.414,2.53515737007791,1.88591796987548,0.244172465719443,1474.36771357195,0.878608,3.388,9.9917e-09,"S"
"940",5.324,0.327,2.2732617920701,1.71345038310469,0.287560940289297,1251.90855071564,0.707637,3.569,8.1439e-09,"S"
"941",4.383,0.401,2.44148321236736,1.64866220504126,0.258358919904747,1393.41037705501,0.639941,3.422,8.5762e-09,"S"
"943",3.367,0.366,2.14512546386636,1.71213979326418,0.313707590132776,1147.56547601424,0.710568,3.675,8.197e-09,"S"
"945",7.441,0.265,2.57082209054538,1.75401180009111,0.239109063952619,1505.58909833437,0.746661,3.352,1.0934e-08,"S"
"947",3.499,0.132,1.56544545872355,1.22271281822188,0.503207565934001,715.410547001228,0.425231,4.201,2.1128e-08,"S"
"949",7.206,0.298,2.21462071955925,2.07947284054911,0.299057732248656,1203.78094655206,1.08571,3.646,7.8221e-09,"S"
"950",10.086,0.158,2.76160774967378,2.57532879444068,0.214763802497706,1676.26013235561,1.58764,3.335,1.2799e-08,"S"
"954",4.617,0.301,2.30472051949799,2.05196342172059,0.281693399670732,1277.9852152049,1.07177,3.572,8.0615e-09,"S"
"956",6.15,0.388,2.53917472770826,1.8374685397101,0.243593218448002,1477.87365466763,0.84487,3.384,7.9349e-09,"S"
"957",4.075,0.352,2.15635930176418,2.08511804717629,0.311259334164441,1156.59182066427,1.09221,3.697,8.2322e-09,"S"
"961",5.681,0.288,2.40052687181463,1.50384360431214,0.264998988398934,1358.49575190849,0.676054,3.347,1.0384e-08,"S"
"963",7.021,0.393,2.38218432189313,2.14156948882337,0.268065565978206,1342.95502925306,1.15539,3.524,9.2011e-09,"V"
"964",2.449,0.528,1.97399134181209,1.53052982347093,0.355374456663364,1013.0159701968,0.68191,3.688,7.6946e-09,"S"
"965",1.878,0.182,1.52353759054747,1.42497889267728,0.524112252637783,686.875756458985,0.49812,4.428,3.8485e-09,"S"
"967",6.267,0.215,2.28990822468768,1.98641141345206,0.284431019820614,1265.68473518481,0.997354,3.585,7.4381e-09,"S"
"972",11.455,0.101,2.52946584794933,2.05838702551693,0.244997043630445,1469.40548614548,1.07229,3.395,9.3721e-09,"S"
"973",9.56,0.299,2.79560091411797,2.37367842330654,0.210858597329129,1707.30529634548,1.38731,3.288,1.1867e-08,"S"
"975",6.406,0.272,2.22165705096725,1.90040709447286,0.297638114650923,1209.52251166561,0.909346,3.631,6.3227e-09,"S"
"978",4.314,0.381,2.19050683235826,1.6551295875038,0.304009500438999,1184.17351918328,0.654182,3.628,5.8271e-09,"S"
"980",9.667,0.328,2.80393061244595,2.32895005497225,0.209919692092444,1714.94153984117,1.32745,3.288,1.3075e-08,"S"
"982",8.61,0.297,2.4268658421315,1.77597889936885,0.260696631905922,1380.91542406238,0.847877,3.365,1.1953e-08,"S"
"984",5.791,0.208,2.7996994779596,1.73520558769346,0.210395743513641,1711.06123150566,0.963948,3.045,1.8647e-08,"B"
"987",9.586,0.306,2.7071629505175,2.40685827942878,0.22127506512926,1626.93433076024,1.455,3.326,1.428e-08,"S"
"993",9.487,0.151,2.75485288623572,1.60532159228296,0.215554183579012,1670.11372278952,0.818484,3.042,1.5553e-08,"B"
"996",1.052,0.277,1.34624004260304,0.904351984369352,0.630986863506442,570.53485709584,0.000166385,4.667,2.8058e-09,"S"
"997",8.533,0.221,2.76452190417083,2.1980094065219,0.214424309832573,1678.91411324162,1.2106,3.283,1.0936e-08,"S"
"998",6.495,0.419,2.79513769869033,2.48985159570127,0.210911015320148,1706.88097752289,1.48347,3.316,1.3891e-08,"S"
"1002",0.938,0.28,1.24844118753695,0.842917186702765,0.706564708876466,509.50747394736,0.0456965,5.061,1.3889e-09,"S"
"1003",7.984,0.114,2.71686557293009,2.46361122237843,0.220090779204543,1635.68869764158,1.45531,3.353,1.3654e-08,"K"
"1004",6.959,0.21,2.76227260980993,2.31180151368311,0.214686268894706,1676.8655110242,1.31602,3.314,1.5641e-08,"S"
"1005",2.778,0.19,1.3915793772794,0.869355632252294,0.600401955206114,599.598313893589,0.118482,4.506,3.4461e-09,"K"
"1006",1.316,0.318,1.72081090804636,1.05149577305925,0.436620726959398,824.514224294892,0.203252,4.047,1.1536e-09,"S"
"1007",0.738,0.142,1.07964546537614,0.695591053390836,0.878582050548392,409.75114364708,0.0342079,5.657,7.1318e-10,"S"
"1010",2.06,0.199,1.96195417830045,0.996995974132912,0.35864995746194,1003.76423448538,0.021265,3.717,5.4611e-09,"S"
"1014",0.908,0.408,1.13745325087697,0.973370541897559,0.812463275736831,443.096950657262,0.0263011,5.473,1.6364e-09,"S"
"1016",1.641,0.214,1.33867887353949,0.256596411968034,0.636340345634579,565.734991454921,0.156663,4.379,3.3473e-09,"S"
"1017",1.349,0.244,1.77665689029372,1.16912916404835,0.41619679076234,864.975434675012,0.433381,3.848,8.8799e-09,"S"
"1018",1.306,0.376,1.79442439459015,0.546064686031839,0.410030654889589,877.983135424201,0.33788,3.56,8.9226e-09,"S"
"1023",1.348,0.098,1.84458690955988,1.17602771953441,0.393419054667454,915.054814272527,0.280091,3.738,3.2061e-09,"S"
"1024",0.802,0.301,1.99559996235992,0.986144048487022,0.349618047655283,1029.69512705177,0.0165887,3.659,2.7921e-09,"S"
"1027",0.882,0.489,0.907867669478309,0.589043992840952,1.13938434536451,315.960107284806,0.113986,6.492,1.8714e-10,"S"
"1028",0.325,0.23,0.922438301907709,0.746072429586794,1.11249503760328,323.596949048484,0.000315683,6.466,4.1547e-10,"S"
"1031",1.265,0.411,1.22461211921019,0.838443309755519,0.727287702563258,494.989807652753,0.168562,5.1,2.6209e-09,"S"
"13",226,0.1203,2.92381369619821,2.53328439703251,0.197142168641366,1826.09333396803,1.5358,3.263,8.1876e-09,"X"
"17",95.76,0.2212,2.43495809768925,2.03719283492802,0.259398126993848,1387.82806249229,1.02791,3.485,4.557e-09,"X"
"18",167.536,0.166,2.91484907499307,2.63013572600954,0.198052333950705,1817.7013762918,1.64321,3.232,7.2561e-09,"X"
"37",70.64,0.482,2.42345109876399,2.06496719161308,0.261247824546891,1378.00190537236,1.08194,3.494,3.8831e-09,"X"
"40",168.174,0.082,2.88142942033644,2.50739895287384,0.201507908167452,1786.53038123368,1.49661,3.276,8.6058e-09,"B"
"47",84.794,0.204,2.75983476921765,2.3652647589737,0.214970789439295,1674.64612722027,1.36566,3.316,6.5672e-09,"X"
"48",121.333,0.057,2.5957448712755,1.97774273551854,0.235673671158345,1527.53592809322,0.980357,3.363,6.1261e-09,"X"
"51",165.119,0.044,2.7118361575414,2.38833729316921,0.220703338902446,1631.14886159074,1.39378,3.336,6.8775e-09,"B"
"56",58.292,0.483,2.68112484918793,2.34456481404065,0.224506292091853,1603.51853235682,1.36002,3.365,7.9971e-09,"X"
"57",237.26,0.0706,3.42595286414351,3.04244163330503,0.155428980631419,2316.17037271638,2.02972,3.128,1.1632e-08,"X"
"60",138.13,0.1402,2.9767224982004,2.46970524049506,0.191909533199345,1875.88388131845,1.50235,3.222,8.6395e-09,"X"
"62",83.42,0.3052,2.75652955137186,2.27876202251686,0.215357546531516,1671.63865765585,1.40954,3.205,9.503e-09,"X"
"65",145.423,0.058,3.41268048816249,2.84675992241022,0.156336588147298,2302.72391297687,1.86461,3.121,1.3137e-08,"X"
"66",61.39,0.177,2.66811094965542,2.31512500675787,0.226150861337457,1591.85774429935,1.32908,3.369,6.6106e-09,"X"
"72",110.503,0.05,2.43232040204779,2.23403424407785,0.259820192342183,1385.57360286255,1.23261,3.497,6.3105e-09,"X"
"74",154.79,0.0666,2.65176538369909,2.1358756574625,0.228245081911222,1577.2519477113,1.1514,3.332,5.3631e-09,"B"
"79",126.42,0.2509,3.18573639441752,2.85272081631522,0.173336218746653,2076.88850375912,1.85836,3.166,1.1638e-08,"X"
"85",67.354,0.065,2.66570420926942,2.14588325928891,0.226457202103058,1589.70435321447,1.13799,3.315,1.0357e-08,"X"
"96",86.09,0.1808,2.73144125351543,2.50896107428537,0.21833143909326,1648.86926727133,1.50807,3.341,9.416e-09,"X"
"100",94.178,0.089,2.67856884309091,2.31599436482754,0.224827719144243,1601.2260470829,1.32601,3.359,7.2066e-09,"X"
"103",208.974,0.027,2.99031551243133,2.90769995028716,0.190602482693607,1888.74769579313,1.92333,3.205,1.0011e-08,"X"
"108",70.676,0.297,3.22471923126225,3.12249513041456,0.170202608790499,2115.12621667933,2.13584,3.187,1.7234e-08,"L"
"111",48.418,0.182,2.74436197325615,2.53091596565014,0.216791367283185,1660.58272758503,1.51881,3.339,1.0201e-08,"X"
"115",42.87,0.199,2.60811535634766,1.59170527402818,0.233998934322446,1538.46854492049,0.772763,3.177,8.7194e-09,"X"
"117",79.24,0.1436,2.42839622261605,1.92573911421457,0.260450233375248,1382.22183691164,0.912862,3.478,6.7874e-09,"X"
"118",36.893,0.201,2.28633942624024,2.09150993671093,0.285097241761283,1262.72705332391,1.09158,3.578,6.5327e-09,"X"
"119",151.116,0.052,2.78219306979069,2.2958310431775,0.21238467545282,1695.03755029619,1.30419,3.284,7.4008e-09,"X"
"158",115.383,0.101,3.1255673818326,2.4809093400067,0.178365466869652,2018.32791020633,1.52686,3.1,1.3316e-08,"X"
"161",62.483,0.215,3.18800180546695,2.97656956709508,0.173151491114184,2079.10424382427,1.97954,3.194,1.7684e-08,"X"
"181",179.008,0.028,3.14745633731575,2.97001419385146,0.17650804417557,2039.56710121332,1.96638,3.194,1.5495e-08,"X"
"198",40.802,0.222,2.86076395545211,2.5130570425722,0.203695313014505,1767.34552539441,1.55855,3.262,1.2182e-08,"X"
"207",50.011,0.137,2.33183357946237,2.12458439600946,0.276794684532182,1300.60301052546,1.13623,3.562,7.0528e-09,"X"
"214",126.59,0.0412,4.28340223817737,4.11149310783788,0.111178493515617,3238.03631994197,3.12849,3.026,3.1257e-08,"X"
"216",39.03,0.0502,2.34002826267206,2.15196188666236,0.275341972739527,1307.46502764604,1.18504,3.544,7.2757e-09,"B"
"220",37.586,0.889,2.87599694734668,2.29720899870988,0.202079120375366,1781.48043860886,1.29688,3.256,1.3459e-08,"A"
"223",65.99,0.047,2.4036041010134,1.87094806432033,0.264490251393285,1361.10876716094,0.861074,3.44,7.2765e-09,"X"
"228",18.648,0.926,2.28665030618583,2.09211646464879,0.285039103442806,1262.98460685495,1.08181,3.596,5.7285e-09,"X"
"230",69.855,0.089,2.78079992057013,2.09629299126929,0.212544298911357,1693.76455564278,1.11016,3.274,7.7608e-09,"X"
"233",40.37,0.1719,2.77333815119958,2.5296021366726,0.213402663133741,1686.95176861212,1.51913,3.329,1.0344e-08,"X"
"236",64.549,0.135,2.38299491251387,2.05665306212382,0.267928801342405,1343.64054254821,1.09062,3.512,4.3219e-09,"X"
"237",50.506,0.276,2.91131115604316,2.84662987967732,0.198413462957994,1814.39300858437,1.86007,3.275,1.1299e-08,"X"
"248",43.89,0.2621,2.72722219964927,2.29786688204533,0.218838278031561,1645.05041457181,1.29141,3.328,1.0369e-08,"X"
"263",100.51,0.19,2.74114880932482,2.09679451310911,0.217172661958058,1657.66720707013,1.08997,3.239,8.4971e-09,"L"
"279",171.012,0.054,2.57554529274309,2.38858422703694,0.238451625005107,1509.74018311802,1.37686,3.397,5.8948e-09,"X"
"292",65.131,0.204,2.80676258722973,2.5819233566156,0.209602064252136,1717.54033665884,1.60079,3.303,1.1457e-08,"X"
"305",138.493,0.035,2.65076796116953,2.45862549149534,0.228373919028113,1576.36214122894,1.4416,3.361,9.8406e-09,"X"
"317",30.438,0.239,2.72265791243235,2.13710151799786,0.2193888021627,1640.92240101216,1.16808,3.288,1.1953e-08,"X"
"318",45.17,0.198,3.15434092055693,2.83766697657299,0.175930496731639,2046.26262466102,1.86385,3.178,1.5914e-08,"X"
"327",31.89,0.2512,2.96615267038181,2.4378903260218,0.192936245389871,1865.90134618065,1.45461,3.236,1.2951e-08,"X"
"335",45.613,0.144,3.05705447762498,2.58537338105188,0.184395070541144,1952.32984777472,1.60985,3.2,1.3876e-08,"X"
"337",52.462,0.101,2.77473578773472,2.12309057824636,0.213241446812628,1688.22714993266,1.1309,3.234,1.107e-08,"X"
"343",79.82,0.05,2.71172355410891,2.533327214687,0.220717085995954,1631.04726748068,1.53101,3.341,9.0797e-09,"X"
"348",87.486,0.069,3.4217585559635,3.01613549024787,0.155714849769794,2311.91823087019,2.01916,3.13,1.5839e-08,"T"
"351",69.29,0.0769,2.75058506904723,2.22150685920391,0.216056060042845,1666.23421684451,1.21505,3.31,8.9826e-09,"X"
"352",85.57,0.1748,3.01222960618386,2.77748677874095,0.188526308942193,1909.54780804829,1.77546,3.217,1.4941e-08,"K"
"353",61.481,0.031,3.2104644653175,3.10149048054314,0.171337439681307,2101.11695768076,2.12574,3.078,1.8964e-08,"X"
"359",78.237,0.044,2.76136207255457,2.07108914156947,0.214792464290947,1676.03645308693,1.11086,3.263,9.8452e-09,"X"
"364",35.758,0.096,2.5872266664209,2.01762740714121,0.236838529336983,1520.02294984605,1.03284,3.371,9.5466e-09,"K"
"369",73.236,0.032,2.57298461441416,1.9480508585288,0.238807680264479,1507.48920470774,0.997854,3.255,7.7271e-09,"X"
"370",38.018,0.047,2.90085247534298,2.73211952037201,0.199487463982702,1804.62467572006,1.7182,3.275,1.2416e-08,"X"
"374",74.017,0.043,3.0518600138506,2.49514008119692,0.184866049371057,1947.35594353196,1.50185,3.177,1.3197e-08,"X"
"387",39.585,0.344,2.57250283745598,2.00857704670028,0.238874769067647,1507.06582116277,1.02504,3.387,8.9362e-09,"X"
"389",21.533,0.079,2.72086788951982,1.97901581426223,0.219605337243414,1639.30442000583,1.0168,3.257,7.8936e-09,"X"
"395",112.818,0.038,2.57443117440932,2.09296290369374,0.238606431280379,1508.76067366757,1.10352,3.369,8.8233e-09,"X"
"397",25.458,0.273,2.76828417270295,2.53884815501863,0.21398733463883,1682.34255829959,1.56439,3.291,1.1548e-08,"X"
"399",70.911,0.042,3.0570989216738,2.44813339855871,0.184391049457459,1952.37242295242,1.4423,3.193,1.4172e-08,"X"
"403",34.597,0.209,2.98840156816929,2.56781910906506,0.190785621199422,1886.93465333901,1.58306,3.216,1.5067e-08,"X"
"406",104.517,0.051,2.73668863906439,2.34280682050377,0.217703790117939,1653.62302514336,1.38819,3.244,9.8699e-09,"X"
"415",32.894,0.217,2.37300251504747,2.11287211547982,0.269622900360902,1335.19815830971,1.13344,3.522,7.829e-09,"X"
"416",52.926,0.04,2.61848031087718,2.08035367622632,0.232610923175576,1547.64873070157,1.06646,3.293,1.0919e-08,"X"
"418",29.322,0.123,2.65359441445368,1.99725963204247,0.228009140430813,1578.88407157624,1.04207,3.298,9.9921e-09,"X"
"421",80.572,0.157,2.66297747051075,2.05674729376512,0.22680511023146,1587.265823211,1.07436,3.302,9.1323e-09,"X"
"436",16.869,0.644,2.65871405350688,2.45646374002344,0.22735087349589,1583.45553929226,1.50174,3.341,1.1201e-08,"X"
"442",42.154,0.173,3.20267217161924,2.98153800138584,0.17196313130034,2093.47199761818,1.97275,3.172,1.8284e-08,"X"
"447",34.561,0.116,2.79736660087283,2.49957695149084,0.210658989164096,1708.92303921373,1.4913,3.279,1.2773e-08,"X"
"450",78.061,0.046,3.12366884099995,2.96066943157448,0.178528105223198,2016.48922196269,1.97045,3.196,1.5363e-08,"X"
"453",34.431,0.165,2.73218633152582,2.51683232184163,0.218242135412867,1649.54397700956,1.5126,3.337,1.0222e-08,"X"
"459",82.66,0.032,2.80310695017793,2.35255769295156,0.210012222791531,1714.18594220278,1.46204,3.222,1.1231e-08,"X"
"465",85.49,0.0432,2.94143674130603,2.48989756523953,0.195373116672001,1842.62812679792,1.49522,3.237,1.454e-08,"X"
"472",60.857,0.029,3.15357777924429,2.26345462790222,0.175994361314221,2045.52007980105,1.32707,3.04,1.3695e-08,"X"
"487",34.297,0.125,2.80425511003193,2.31457154462952,0.209883256500804,1715.23925253476,1.35862,3.205,1.2445e-08,"X"
"489",4.605,1,1.97916708372937,1.90139988210942,0.353981352878921,1017.00272365233,0.911444,3.729,4.5724e-09,"X"
"490",65.658,0.042,3.12795042748788,2.68134587290528,0.178161672679232,2020.63661946055,1.66571,3.177,1.6367e-08,"X"
"492",33.853,0.053,2.68185719743525,2.5207406333156,0.22441433777491,1604.17557794851,1.52197,3.369,9.3307e-09,"X"
"494",29.084,0.201,2.98275290242684,2.78976238124318,0.191327835539701,1881.58716678368,1.80761,3.241,1.4677e-08,"X"
"506",26.684,0.206,2.68786465828786,2.36916376698325,0.223662398813491,1609.5687156615,1.42114,3.324,9.5846e-09,"X"
"509",23.244,0.033,2.62926712855184,1.72542755039649,0.231180929809603,1557.22187075071,0.748952,3.306,1.2518e-08,"X"
"516",50.592,0.057,2.66516625499141,2.35627300377255,0.22652576992747,1589.22316041688,1.35029,3.37,1.0312e-08,"X"
"521",9.284,0.356,2.46388856313641,2.0593382947116,0.254842866499843,1412.63518553392,1.04914,3.46,7.9795e-09,"X"
"526",32.348,0.051,2.63975048638437,2.05238432585233,0.229805149425144,1566.54453087991,1.08979,3.336,1.0471e-08,"X"
"529",25.274,0.218,2.65331382663631,2.1777808850535,0.228045309321445,1578.63365429962,1.25425,3.3,1.105e-08,"X"
"530",35.825,0.037,2.69971555109259,2.59450102127476,0.222191305965437,1620.22541087184,1.59334,3.356,1.1943e-08,"X"
"532",36.668,0.048,2.7109141102415,2.392274974034,0.220815948272669,1630.31702563197,1.38375,3.332,1.2366e-08,"X"
"533",25.781,0.202,2.79387469017232,2.09587970406819,0.211054049211214,1705.72420356516,1.14765,3.199,1.1285e-08,"X"
"536",13.239,0.636,2.71571816117975,2.28707629726358,0.220230279000068,1634.6526083268,1.28529,3.335,1.0568e-08,"X"
"539",49.29,0.0459,2.66539230408994,2.16245736069821,0.226496953422496,1589.4253523511,1.32026,3.178,1.0887e-08,"X"
"555",46.796,0.063,3.06296312235672,2.65831455321454,0.183861763751603,1957.99274767297,1.65491,3.218,1.573e-08,"L"
"560",60.01,0.035,3.19514906859751,2.97996247229818,0.172570829505167,2086.09995694099,2.00942,3.17,1.7161e-08,"X"
"561",19.979,0.149,2.77715262832548,2.59278477620114,0.212963144621188,1690.43334066256,1.59983,3.328,1.1643e-08,"X"
"564",19.448,0.155,3.42076358338608,2.34569121602696,0.155782792175232,2310.90992126432,1.63428,2.719,1.6162e-08,"X"
"567",24.243,0.173,2.69863528375735,2.43904904598033,0.22232473453424,1619.25302982677,1.48792,3.328,1.1026e-08,"L"
"568",20.31,0.187,2.76328451765002,1.9821356166894,0.21456835333392,1677.78702873184,0.993047,3.274,9.4949e-09,"X"
"569",20.524,0.047,2.74939032299116,2.53955214587121,0.216196905904688,1665.14871474945,1.53132,3.339,1.1417e-08,"X"
"571",64.691,0.03,3.19157401800601,3.00794925804933,0.172860869237814,2082.59973230106,2.01387,3.174,1.865e-08,"X"
"580",14.844,0.068,2.35355584686799,1.98919052135672,0.272971503540339,1318.81898048307,1.01141,3.519,6.732e-09,"X"
"583",35.518,0.034,2.73123412155912,2.48897846820242,0.218356276368369,1648.68171406567,1.50948,3.345,9.8952e-09,"X"
"585",39.524,0.05,2.71699621742658,2.59333164354273,0.220074905073107,1635.80668082266,1.58051,3.353,1.1246e-08,"X"
"588",22,0.14,2.76733289159975,2.57377452746257,0.21409768254883,1681.47546350902,1.5737,3.33,1.0808e-08,"X"
"600",13.855,0.211,2.76572438925772,1.92112790692507,0.214284483531952,1680.00964916491,0.904124,3.231,1.125e-08,"X"
"613",19.094,0.122,2.75057835205314,2.23476275115513,0.216056851466309,1666.22811337292,1.21776,3.32,1.008e-08,"X"
"615",9.01,0.599,2.60953405351224,1.76524231359477,0.233808136754597,1539.72400189756,0.776512,3.331,1.0219e-08,"X"
"627",24.165,0.044,2.39839010272036,1.82034175588476,0.265353205847415,1356.68230896373,0.816384,3.461,7.1813e-09,"X"
"632",15.203,0.192,2.78630665356923,2.16702454344945,0.211914515636114,1698.79821077556,1.18501,3.275,1.0533e-08,"X"
"655",17.766,0.124,3.00673728370001,2.73007765775716,0.189043108332734,1904.32755351423,1.73206,3.224,1.4367e-08,"K"
"657",7.772,0.393,2.36242684397152,2.18654735939541,0.271435421206363,1326.28231938198,1.21562,3.534,8.6997e-09,"V"
"660",5.57,0.0895,1.39045179784934,1.3049008437562,0.60113244237171,598.869690978006,0.306407,4.543,2.3229e-09,"A"
"664",14.242,0.126,2.41891376556699,2.26482464235007,0.261983231575894,1374.13374831095,1.26648,3.5,7.8579e-09,"X"
"665",3.975,0.81,1.93353929033396,1.74267508516342,0.366584899670545,982.037176991025,0.767434,3.811,5.9323e-09,"X"
"675",16.721,0.062,2.69748109792123,2.06529654600695,0.222467440727715,1618.21432755463,1.08079,3.32,1.0437e-08,"X"
"676",9.754,0.154,2.7153324737146,2.41012947157319,0.220277203129088,1634.30438958784,1.42625,3.35,1.2962e-08,"X"
"683",2.3,0.13,0.832041419013646,0.468850520408478,1.29863365847929,277.214438151529,0.150112,6.946,3.6339e-10,"X"
"704",17.764,0.077,2.73126597062847,2.55496166188455,0.218352457027453,1648.71055220019,1.54943,3.347,1.318e-08,"X"
"710",18.801,0.206,2.76780181526961,2.43498638723584,0.214043275897641,1681.90286982973,1.44569,3.261,1.5054e-08,"X"
"712",13.341,0.171,2.73046216141126,2.4487107065307,0.218448883908912,1647.98278461387,1.4462,3.344,1.2219e-08,"L"
"728",10.218,0.281,2.42175721596421,1.9464191975494,0.261521964682343,1376.55741626625,0.935972,3.484,7.8813e-09,"A"
"730",16.193,0.273,2.78130436831857,2.55437109919438,0.21248647749891,1694.22545960294,1.56873,3.305,1.3909e-08,"X"
"733",7.849,0.287,2.29838867303357,2.0599056987288,0.282858259592553,1272.7222479505,1.04358,3.573,8.4733e-09,"V"
"734",17.976,0.099,2.74925905452829,2.65290602755622,0.216212390171746,1665.02946345507,1.67497,3.338,1.2986e-08,"X"
"735",7.816,0.264,2.44918791660591,2.25663197554427,0.257140753224376,1400.01145476101,1.27836,3.487,9.1245e-09,"V"
"736",15.938,0.159,2.735636153058,2.34691948398367,0.217829438532137,1652.66918202559,1.33637,3.32,1.3179e-08,"X"
"739",28.87,0.1337,3.20394769276481,2.99357551634361,0.171860451357079,2094.72276580968,2.01329,3.112,2.5602e-08,"X"
"740",15.91,0.175,2.75839941738067,2.02873124855127,0.215138603526832,1673.33985671754,1.02971,3.258,1.1477e-08,"X"
"746",13.297,0.12,2.75039055940177,2.22731524464969,0.216078979913531,1666.05747650263,1.2461,3.316,1.2453e-08,"X"
"752",7.366,0.221,2.34620828087366,2.0235162016254,0.274254794723544,1312.64797161665,1.04046,3.526,8.9474e-09,"L"
"753",3.976,0.848,2.29050499826526,2.09562330718968,0.284319867567675,1266.17954306099,1.09399,3.583,9.3282e-09,"X"
"757",7.514,0.412,2.40423985910667,1.87962630734765,0.264385348776805,1361.64882685656,0.871764,3.488,8.9054e-09,"V"
"762",32.04,0.044,3.13365423269248,2.6531365969307,0.177675465437922,2026.166072579,1.71115,3.144,2.1956e-08,"T"
"773",21.762,0.115,2.7692896784264,2.37737340747682,0.213870799724285,1683.25924092536,1.38849,3.298,1.4302e-08,"X"
"777",58.678,0.051,3.17228830630553,2.83977758006799,0.174439606538533,2063.75150198747,1.94884,2.976,2.8238e-08,"X"
"790",9.838,0.115,2.35112662378495,1.92676724290422,0.273394670836994,1316.77767857678,0.92691,3.534,8.7349e-09,"B"
"791",11.861,0.119,2.36815067022501,2.0536550666533,0.270451925917713,1331.10532963826,1.05818,3.52,9.0279e-09,"X"
"799",4.662,0.96,1.89186790456245,1.76545908896549,0.378763272051597,950.461743690289,0.79621,3.842,6.3712e-09,"X"
"804",5.1,0.1066,1.27110584172282,0.139651825504087,0.687751429781049,523.444931426182,0.0201917,4.511,4.2386e-10,"B"
"810",22.627,0.151,3.00734822245999,2.80712981593606,0.188985505477405,1904.90799329074,1.83709,3.227,1.7126e-08,"X"
"815",118.79,0.055,5.22114228106271,4.55649206631621,0.0826144053948183,4357.59354896452,3.56462,2.753,8.8563e-08,"T"
"819",9.607,0.101,2.78509819726006,2.59351751562994,0.212052455410206,1697.69314532858,1.61287,3.322,1.5384e-08,"X"
"826",16.058,0.224,2.79691787364665,2.429225406156,0.210709687228623,1708.51186167532,1.43032,3.299,1.4879e-08,"X"
"836",3.145,0.197,2.34276855174863,2.22544849383908,0.274859021113181,1309.7623594161,1.25154,3.553,9.1785e-09,"V"
"839",13.832,0.031,2.78584906775339,1.91502607150433,0.211966729372001,1698.37974604118,0.931584,3.248,1.2543e-08,"X"
"840",11.735,0.12,2.75003648765006,2.41278905677396,0.216120712046451,1665.73576679049,1.40391,3.322,1.4514e-08,"X"
"849",17.744,0.059,2.74066410412122,2.3418059542148,0.217230277212641,1657.22754958143,1.34416,3.327,1.3928e-08,"X"
"858",32.15,0.0297,2.71926664253128,2.3979314148493,0.219799338527101,1637.85752228554,1.41683,3.312,1.3515e-08,"X"
"873",7.972,0.088,2.39857013951325,2.20695650227223,0.265323330270985,1356.83507225813,1.19686,3.514,8.5875e-09,"X"
"879",6.084,0.61,2.4675899411025,1.95252679176764,0.254269686202831,1415.81957871623,0.961573,3.451,1.0269e-08,"X"
"881",29.049,0.046,2.75700926428768,2.5598149687648,0.21530134144152,1672.07504416679,1.58551,3.304,1.4071e-08,"X"
"882",19.631,0.106,2.85014292732451,2.57418770961558,0.204834975818823,1757.51235139853,1.56976,3.24,1.9126e-08,"X"
"893",6.588,0.338,2.33560113110703,1.98570133099394,0.276125209599977,1303.75636661908,0.988022,3.545,9.2433e-09,"V"
"903",11.54,0.2306,2.58453646586822,1.77029799210455,0.237208407409944,1517.65278444725,0.773466,3.277,1.3253e-08,"X"
"907",11.239,0.183,2.34568950867554,2.08964894996494,0.274345780952735,1312.21263454393,1.07457,3.537,9.8131e-09,"X"
"912",24.019,0.056,2.75713139511702,2.54021174724357,0.21528703600785,1672.18615052545,1.5547,3.291,1.3167e-08,"X"
"913",17.233,0.136,2.85074440076424,2.47854695634983,0.204770152593017,1758.06871969034,1.47301,3.236,1.8358e-08,"X"
"931",8.661,0.042,2.183862875852,1.98620900966625,0.305397885238418,1178.7900879502,1.00421,3.668,7.2792e-09,"X"
"933",3.282,0.514,2.35834335445658,1.90185990546898,0.272140715046449,1322.84505807429,0.902866,3.517,8.2285e-09,"X"
"952",13.132,0.051,2.74395889462876,2.72954829014989,0.216839137956399,1660.21689346684,1.71999,3.343,1.3413e-08,"X"
"960",17.989,0.202,2.77474205546181,2.3784116525015,0.213240724292258,1688.23287012757,1.39728,3.066,1.549e-08,"B"
"1013",3.183,0.037,2.73484716618273,1.22186461212268,0.217923709044793,1651.9542622414,0.212293,3.105,2.9224e-09,"X"
"1015",2.339,0.089,1.55124232183377,1.03569150309944,0.510134395505009,705.696387407121,0.135102,4.163,2.7633e-08,"L"
"1022",0.451,0.095,1.00808372440118,0.694189768459063,0.973776230280556,369.69479106743,0.0317855,5.995,4.2095e-10,"X"
"1038",5.6,0.181,3.57869025234721,1.43828610358796,0.145585428261427,2472.77494938264,0.473576,2.77,6.5705e-08,"X"
